dataset_group,file_name,structure_name,metal_guess,redox_state_guess,monomer_guess,ts_label_guess,atom_index,element,atom_role,notes,x,y,z
catalysts,Al-salfan-H2-star-ox.out,Al-salfan-H2-star-ox,Al,ox,,,26,O,alkoxide_O,,-0.042912,-0.053703,2.634896
catalysts,Al-salfan-H2-star-ox.out,Al-salfan-H2-star-ox,Al,ox,,,39,N,donor_N,,-2.259389,0.108072,1.00991
catalysts,Al-salfan-H2-star-ox.out,Al-salfan-H2-star-ox,Al,ox,,,40,N,donor_N,,1.052191,0.036811,-0.400546
catalysts,Al-salfan-H2-star-ox.out,Al-salfan-H2-star-ox,Al,ox,,,1,C,ferrocene_C,,-2.887923,-1.675566,-0.663736
catalysts,Al-salfan-H2-star-ox.out,Al-salfan-H2-star-ox,Al,ox,,,2,C,ferrocene_C,,-2.516271,-1.183433,0.64023
catalysts,Al-salfan-H2-star-ox.out,Al-salfan-H2-star-ox,Al,ox,,,3,C,ferrocene_C,,-2.190431,-2.321597,1.467458
catalysts,Al-salfan-H2-star-ox.out,Al-salfan-H2-star-ox,Al,ox,,,4,C,ferrocene_C,,-2.470124,-3.500755,0.710606
catalysts,Al-salfan-H2-star-ox.out,Al-salfan-H2-star-ox,Al,ox,,,5,C,ferrocene_C,,-2.894386,-3.104969,-0.597787
catalysts,Al-salfan-H2-star-ox.out,Al-salfan-H2-star-ox,Al,ox,,,7,C,ferrocene_C,,0.237574,-1.949417,-1.79124
catalysts,Al-salfan-H2-star-ox.out,Al-salfan-H2-star-ox,Al,ox,,,8,C,ferrocene_C,,0.7396,-1.363684,-0.590164
catalysts,Al-salfan-H2-star-ox.out,Al-salfan-H2-star-ox,Al,ox,,,9,C,ferrocene_C,,0.949653,-2.391467,0.379819
catalysts,Al-salfan-H2-star-ox.out,Al-salfan-H2-star-ox,Al,ox,,,10,C,ferrocene_C,,0.604562,-3.635629,-0.243405
catalysts,Al-salfan-H2-star-ox.out,Al-salfan-H2-star-ox,Al,ox,,,11,C,ferrocene_C,,0.16191,-3.362947,-1.577324
catalysts,Al-salfan-H2-star-ox.out,Al-salfan-H2-star-ox,Al,ox,,,6,Fe,ferrocene_Fe,,-1.025252,-2.391447,-0.205031
catalysts,Al-salfan-H2-star-ox.out,Al-salfan-H2-star-ox,Al,ox,,,44,Al,metal_center,,0.676264,0.947085,1.421998
catalysts,Al-salfan-H2-star-ox.out,Al-salfan-H2-star-ox,Al,ox,,,12,O,phenoxy_O,,2.383825,1.365923,1.562452
catalysts,Al-salfan-H2-star-ox.out,Al-salfan-H2-star-ox,Al,ox,,,19,O,phenoxy_O,,-0.453003,2.207447,0.954049
catalysts,Al-salfan-H2-star-red.out,Al-salfan-H2-star-red,Al,red,,,12,O,alkoxide_O,,0.117136,0.231859,2.906604
catalysts,Al-salfan-H2-star-red.out,Al-salfan-H2-star-red,Al,red,,,39,N,donor_N,,1.783086,-0.244683,0.976812
catalysts,Al-salfan-H2-star-red.out,Al-salfan-H2-star-red,Al,red,,,40,N,donor_N,,-0.88292,0.16652,-0.463917
catalysts,Al-salfan-H2-star-red.out,Al-salfan-H2-star-red,Al,red,,,1,C,ferrocene_C,,2.765138,1.39904,-0.749881
catalysts,Al-salfan-H2-star-red.out,Al-salfan-H2-star-red,Al,red,,,2,C,ferrocene_C,,2.240893,1.033766,0.535463
catalysts,Al-salfan-H2-star-red.out,Al-salfan-H2-star-red,Al,red,,,3,C,ferrocene_C,,2.196477,2.209759,1.356065
catalysts,Al-salfan-H2-star-red.out,Al-salfan-H2-star-red,Al,red,,,4,C,ferrocene_C,,2.719622,3.300085,0.587408
catalysts,Al-salfan-H2-star-red.out,Al-salfan-H2-star-red,Al,red,,,5,C,ferrocene_C,,3.069649,2.802585,-0.710494
catalysts,Al-salfan-H2-star-red.out,Al-salfan-H2-star-red,Al,red,,,7,C,ferrocene_C,,-0.139117,2.158939,-1.906281
catalysts,Al-salfan-H2-star-red.out,Al-salfan-H2-star-red,Al,red,,,8,C,ferrocene_C,,-0.63154,1.567732,-0.694307
catalysts,Al-salfan-H2-star-red.out,Al-salfan-H2-star-red,Al,red,,,9,C,ferrocene_C,,-0.827148,2.60096,0.279587
catalysts,Al-salfan-H2-star-red.out,Al-salfan-H2-star-red,Al,red,,,10,C,ferrocene_C,,-0.432435,3.836548,-0.328328
catalysts,Al-salfan-H2-star-red.out,Al-salfan-H2-star-red,Al,red,,,11,C,ferrocene_C,,-0.006098,3.565284,-1.670757
catalysts,Al-salfan-H2-star-red.out,Al-salfan-H2-star-red,Al,red,,,6,Fe,ferrocene_Fe,,1.101436,2.483117,-0.338094
catalysts,Al-salfan-H2-star-red.out,Al-salfan-H2-star-red,Al,red,,,44,Al,metal_center,,-0.390301,-0.591545,1.432202
catalysts,Al-salfan-H2-star-red.out,Al-salfan-H2-star-red,Al,red,,,14,O,phenoxy_O,,-2.200659,-0.743117,1.679648
catalysts,Al-salfan-H2-star-red.out,Al-salfan-H2-star-red,Al,red,,,21,O,phenoxy_O,,0.056432,-2.270971,0.911584
catalysts,Al-salfan-star-red.out,Al-salfan-star-red,Al,red,,,12,O,alkoxide_O,,-0.394714,0.156892,2.59805
catalysts,Al-salfan-star-red.out,Al-salfan-star-red,Al,red,,,39,N,donor_N,,1.869262,-0.05575,1.058995
catalysts,Al-salfan-star-red.out,Al-salfan-star-red,Al,red,,,40,N,donor_N,,-1.030127,-0.057687,-0.625046
catalysts,Al-salfan-star-red.out,Al-salfan-star-red,Al,red,,,1,C,ferrocene_C,,2.492115,1.87625,-0.55381
catalysts,Al-salfan-star-red.out,Al-salfan-star-red,Al,red,,,2,C,ferrocene_C,,1.995096,1.328357,0.680952
catalysts,Al-salfan-star-red.out,Al-salfan-star-red,Al,red,,,3,C,ferrocene_C,,1.653502,2.423817,1.544542
catalysts,Al-salfan-star-red.out,Al-salfan-star-red,Al,red,,,4,C,ferrocene_C,,1.971423,3.641627,0.860728
catalysts,Al-salfan-star-red.out,Al-salfan-star-red,Al,red,,,5,C,ferrocene_C,,2.486713,3.305945,-0.433226
catalysts,Al-salfan-star-red.out,Al-salfan-star-red,Al,red,,,7,C,ferrocene_C,,-0.478811,2.150352,-1.853519
catalysts,Al-salfan-star-red.out,Al-salfan-star-red,Al,red,,,8,C,ferrocene_C,,-0.915397,1.381931,-0.719357
catalysts,Al-salfan-star-red.out,Al-salfan-star-red,Al,red,,,9,C,ferrocene_C,,-1.323164,2.28552,0.3161
catalysts,Al-salfan-star-red.out,Al-salfan-star-red,Al,red,,,10,C,ferrocene_C,,-1.126785,3.615243,-0.172806
catalysts,Al-salfan-star-red.out,Al-salfan-star-red,Al,red,,,11,C,ferrocene_C,,-0.600733,3.533728,-1.50373
catalysts,Al-salfan-star-red.out,Al-salfan-star-red,Al,red,,,6,Fe,ferrocene_Fe,,0.618762,2.555935,-0.195476
catalysts,Al-salfan-star-red.out,Al-salfan-star-red,Al,red,,,44,Al,metal_center,,-0.296302,-0.892455,1.192701
catalysts,Al-salfan-star-red.out,Al-salfan-star-red,Al,red,,,14,O,phenoxy_O,,-1.923372,-1.763261,1.287879
catalysts,Al-salfan-star-red.out,Al-salfan-star-red,Al,red,,,21,O,phenoxy_O,,0.628571,-2.365481,0.670211
catalysts,Al-salfen-ox.out,Al-salfen-ox,Al,ox,,,25,O,alkoxide_O,,0.576631,-0.149514,2.152425
catalysts,Al-salfen-ox.out,Al-salfen-ox,Al,ox,,,3,N,donor_N,,-1.642051,0.453888,0.843455
catalysts,Al-salfen-ox.out,Al-salfen-ox,Al,ox,,,27,N,donor_N,,1.057826,0.81355,-0.749898
catalysts,Al-salfen-ox.out,Al-salfen-ox,Al,ox,,,4,C,ferrocene_C,,-1.68256,1.82064,1.174102
catalysts,Al-salfen-ox.out,Al-salfen-ox,Al,ox,,,5,C,ferrocene_C,,-2.689261,2.761256,0.745366
catalysts,Al-salfen-ox.out,Al-salfen-ox,Al,ox,,,7,C,ferrocene_C,,-2.225273,4.07287,1.063309
catalysts,Al-salfen-ox.out,Al-salfen-ox,Al,ox,,,9,C,ferrocene_C,,-0.944643,3.955178,1.687627
catalysts,Al-salfen-ox.out,Al-salfen-ox,Al,ox,,,11,C,ferrocene_C,,-0.595646,2.569273,1.754926
catalysts,Al-salfen-ox.out,Al-salfen-ox,Al,ox,,,28,C,ferrocene_C,,0.430367,1.975897,-1.248718
catalysts,Al-salfen-ox.out,Al-salfen-ox,Al,ox,,,29,C,ferrocene_C,,0.91596,3.329051,-1.138357
catalysts,Al-salfen-ox.out,Al-salfen-ox,Al,ox,,,31,C,ferrocene_C,,-0.050742,4.194049,-1.731936
catalysts,Al-salfen-ox.out,Al-salfen-ox,Al,ox,,,33,C,ferrocene_C,,-1.135057,3.394535,-2.207516
catalysts,Al-salfen-ox.out,Al-salfen-ox,Al,ox,,,35,C,ferrocene_C,,-0.856565,2.022984,-1.899848
catalysts,Al-salfen-ox.out,Al-salfen-ox,Al,ox,,,1,Fe,ferrocene_Fe,,-0.889005,3.078691,-0.184163
catalysts,Al-salfen-ox.out,Al-salfen-ox,Al,ox,,,51,Al,metal_center,,0.168202,-0.532133,0.481385
catalysts,Al-salfen-ox.out,Al-salfen-ox,Al,ox,,,2,O,phenoxy_O,,-0.794953,-1.810012,-0.385421
catalysts,Al-salfen-ox.out,Al-salfen-ox,Al,ox,,,26,O,phenoxy_O,,1.632632,-1.712081,0.237831
catalysts,Al-salfen-red.out,Al-salfen-red,Al,red,,,25,O,alkoxide_O,,0.469172,-0.199268,2.212785
catalysts,Al-salfen-red.out,Al-salfen-red,Al,red,,,3,N,donor_N,,-1.653022,0.458265,0.823207
catalysts,Al-salfen-red.out,Al-salfen-red,Al,red,,,27,N,donor_N,,1.065154,0.809945,-0.70192
catalysts,Al-salfen-red.out,Al-salfen-red,Al,red,,,4,C,ferrocene_C,,-1.680706,1.833697,1.13662
catalysts,Al-salfen-red.out,Al-salfen-red,Al,red,,,5,C,ferrocene_C,,-2.682047,2.78105,0.69763
catalysts,Al-salfen-red.out,Al-salfen-red,Al,red,,,7,C,ferrocene_C,,-2.207437,4.09285,1.015622
catalysts,Al-salfen-red.out,Al-salfen-red,Al,red,,,9,C,ferrocene_C,,-0.932463,3.962591,1.656411
catalysts,Al-salfen-red.out,Al-salfen-red,Al,red,,,11,C,ferrocene_C,,-0.602474,2.573463,1.737553
catalysts,Al-salfen-red.out,Al-salfen-red,Al,red,,,28,C,ferrocene_C,,0.420379,1.963364,-1.216476
catalysts,Al-salfen-red.out,Al-salfen-red,Al,red,,,29,C,ferrocene_C,,0.895792,3.325276,-1.129084
catalysts,Al-salfen-red.out,Al-salfen-red,Al,red,,,31,C,ferrocene_C,,-0.081129,4.17042,-1.744023
catalysts,Al-salfen-red.out,Al-salfen-red,Al,red,,,33,C,ferrocene_C,,-1.15344,3.343706,-2.213054
catalysts,Al-salfen-red.out,Al-salfen-red,Al,red,,,35,C,ferrocene_C,,-0.848978,1.980996,-1.891373
catalysts,Al-salfen-red.out,Al-salfen-red,Al,red,,,1,Fe,ferrocene_Fe,,-0.893465,3.084171,-0.200829
catalysts,Al-salfen-red.out,Al-salfen-red,Al,red,,,51,Al,metal_center,,0.170804,-0.544055,0.502097
catalysts,Al-salfen-red.out,Al-salfen-red,Al,red,,,2,O,phenoxy_O,,-0.792077,-1.771987,-0.442048
catalysts,Al-salfen-red.out,Al-salfen-red,Al,red,,,26,O,phenoxy_O,,1.631881,-1.716098,0.293118
catalysts,Al-thiolfan-star-ox.out,Al-thiolfan-star-ox,Al,ox,,,26,O,alkoxide_O,,0.479036,-0.183416,2.992079
catalysts,Al-thiolfan-star-ox.out,Al-thiolfan-star-ox,Al,ox,,,39,S,donor_S,,-2.272736,0.560512,1.260201
catalysts,Al-thiolfan-star-ox.out,Al-thiolfan-star-ox,Al,ox,,,40,S,donor_S,,0.785696,-0.198577,-0.591513
catalysts,Al-thiolfan-star-ox.out,Al-thiolfan-star-ox,Al,ox,,,1,C,ferrocene_C,,-2.787737,-0.928587,-1.15456
catalysts,Al-thiolfan-star-ox.out,Al-thiolfan-star-ox,Al,ox,,,2,C,ferrocene_C,,-2.860277,-0.751232,0.271335
catalysts,Al-thiolfan-star-ox.out,Al-thiolfan-star-ox,Al,ox,,,3,C,ferrocene_C,,-3.349992,-1.975598,0.852968
catalysts,Al-thiolfan-star-ox.out,Al-thiolfan-star-ox,Al,ox,,,4,C,ferrocene_C,,-3.634666,-2.877887,-0.218264
catalysts,Al-thiolfan-star-ox.out,Al-thiolfan-star-ox,Al,ox,,,5,C,ferrocene_C,,-3.291344,-2.235301,-1.449189
catalysts,Al-thiolfan-star-ox.out,Al-thiolfan-star-ox,Al,ox,,,7,C,ferrocene_C,,-0.032059,-2.787877,-1.395799
catalysts,Al-thiolfan-star-ox.out,Al-thiolfan-star-ox,Al,ox,,,8,C,ferrocene_C,,0.300599,-1.88313,-0.325049
catalysts,Al-thiolfan-star-ox.out,Al-thiolfan-star-ox,Al,ox,,,9,C,ferrocene_C,,0.040505,-2.544547,0.929987
catalysts,Al-thiolfan-star-ox.out,Al-thiolfan-star-ox,Al,ox,,,10,C,ferrocene_C,,-0.456378,-3.844155,0.623649
catalysts,Al-thiolfan-star-ox.out,Al-thiolfan-star-ox,Al,ox,,,11,C,ferrocene_C,,-0.494974,-3.997522,-0.797684
catalysts,Al-thiolfan-star-ox.out,Al-thiolfan-star-ox,Al,ox,,,6,Fe,ferrocene_Fe,,-1.6491,-2.352845,-0.230538
catalysts,Al-thiolfan-star-ox.out,Al-thiolfan-star-ox,Al,ox,,,44,Al,metal_center,,0.843268,0.825934,1.664203
catalysts,Al-thiolfan-star-ox.out,Al-thiolfan-star-ox,Al,ox,,,12,O,phenoxy_O,,2.605907,0.967976,1.440232
catalysts,Al-thiolfan-star-ox.out,Al-thiolfan-star-ox,Al,ox,,,19,O,phenoxy_O,,0.01252,2.352546,1.337274
catalysts,Al-thiolfan-star-red.out,Al-thiolfan-star-red,Al,red,,,12,O,alkoxide_O,,0.662051,0.544886,2.622795
catalysts,Al-thiolfan-star-red.out,Al-thiolfan-star-red,Al,red,,,39,S,donor_S,,-1.988983,-0.009419,1.389072
catalysts,Al-thiolfan-star-red.out,Al-thiolfan-star-red,Al,red,,,40,S,donor_S,,0.984475,-0.138853,-0.894919
catalysts,Al-thiolfan-star-red.out,Al-thiolfan-star-red,Al,red,,,1,C,ferrocene_C,,-2.143801,-1.647633,-0.97128
catalysts,Al-thiolfan-star-red.out,Al-thiolfan-star-red,Al,red,,,2,C,ferrocene_C,,-2.205629,-1.499082,0.458169
catalysts,Al-thiolfan-star-red.out,Al-thiolfan-star-red,Al,red,,,3,C,ferrocene_C,,-2.443308,-2.794743,1.035364
catalysts,Al-thiolfan-star-red.out,Al-thiolfan-star-red,Al,red,,,4,C,ferrocene_C,,-2.52273,-3.739371,-0.037204
catalysts,Al-thiolfan-star-red.out,Al-thiolfan-star-red,Al,red,,,5,C,ferrocene_C,,-2.346744,-3.03156,-1.271318
catalysts,Al-thiolfan-star-red.out,Al-thiolfan-star-red,Al,red,,,7,C,ferrocene_C,,0.956704,-2.961262,-1.167255
catalysts,Al-thiolfan-star-red.out,Al-thiolfan-star-red,Al,red,,,8,C,ferrocene_C,,1.0065,-1.80458,-0.305969
catalysts,Al-thiolfan-star-red.out,Al-thiolfan-star-red,Al,red,,,9,C,ferrocene_C,,0.895121,-2.242279,1.060596
catalysts,Al-thiolfan-star-red.out,Al-thiolfan-star-red,Al,red,,,10,C,ferrocene_C,,0.769968,-3.665531,1.03658
catalysts,Al-thiolfan-star-red.out,Al-thiolfan-star-red,Al,red,,,11,C,ferrocene_C,,0.811873,-4.108568,-0.326718
catalysts,Al-thiolfan-star-red.out,Al-thiolfan-star-red,Al,red,,,6,Fe,ferrocene_Fe,,-0.72188,-2.770109,-0.055198
catalysts,Al-thiolfan-star-red.out,Al-thiolfan-star-red,Al,red,,,44,Al,metal_center,,0.388866,1.289844,1.064542
catalysts,Al-thiolfan-star-red.out,Al-thiolfan-star-red,Al,red,,,14,O,phenoxy_O,,1.948844,2.148795,0.676541
catalysts,Al-thiolfan-star-red.out,Al-thiolfan-star-red,Al,red,,,21,O,phenoxy_O,,-0.785508,2.507883,0.511108
catalysts,Ti-salfan-H2-ox.out,Ti-salfan-H2-ox,Ti,ox,,,14,O,alkoxide_O,,0.523833,-2.230609,2.537102
catalysts,Ti-salfan-H2-ox.out,Ti-salfan-H2-ox,Ti,ox,,,32,O,alkoxide_O,,-0.268026,-2.538845,-0.043665
catalysts,Ti-salfan-H2-ox.out,Ti-salfan-H2-ox,Ti,ox,,,12,N,donor_N,,0.573437,-0.14323,-1.260203
catalysts,Ti-salfan-H2-ox.out,Ti-salfan-H2-ox,Ti,ox,,,13,N,donor_N,,-2.117488,-0.806037,1.883065
catalysts,Ti-salfan-H2-ox.out,Ti-salfan-H2-ox,Ti,ox,,,1,C,ferrocene_C,,-3.826947,0.173709,0.364218
catalysts,Ti-salfan-H2-ox.out,Ti-salfan-H2-ox,Ti,ox,,,2,C,ferrocene_C,,-3.022831,-0.902186,0.887259
catalysts,Ti-salfan-H2-ox.out,Ti-salfan-H2-ox,Ti,ox,,,3,C,ferrocene_C,,-3.233143,-2.044752,0.028551
catalysts,Ti-salfan-H2-ox.out,Ti-salfan-H2-ox,Ti,ox,,,4,C,ferrocene_C,,-4.283316,-1.723284,-0.887057
catalysts,Ti-salfan-H2-ox.out,Ti-salfan-H2-ox,Ti,ox,,,5,C,ferrocene_C,,-4.645875,-0.354882,-0.684226
catalysts,Ti-salfan-H2-ox.out,Ti-salfan-H2-ox,Ti,ox,,,7,C,ferrocene_C,,-1.535567,1.075399,-1.921165
catalysts,Ti-salfan-H2-ox.out,Ti-salfan-H2-ox,Ti,ox,,,8,C,ferrocene_C,,-0.65585,-0.060947,-1.914857
catalysts,Ti-salfan-H2-ox.out,Ti-salfan-H2-ox,Ti,ox,,,9,C,ferrocene_C,,-1.272937,-1.104052,-2.669722
catalysts,Ti-salfan-H2-ox.out,Ti-salfan-H2-ox,Ti,ox,,,10,C,ferrocene_C,,-2.459501,-0.570236,-3.271101
catalysts,Ti-salfan-H2-ox.out,Ti-salfan-H2-ox,Ti,ox,,,11,C,ferrocene_C,,-2.619104,0.777434,-2.818392
catalysts,Ti-salfan-H2-ox.out,Ti-salfan-H2-ox,Ti,ox,,,6,Fe,ferrocene_Fe,,-2.695128,-0.490338,-1.235716
catalysts,Ti-salfan-H2-ox.out,Ti-salfan-H2-ox,Ti,ox,,,56,Ti,metal_center,,0.755278,-1.374804,0.939524
catalysts,Ti-salfan-H2-ox.out,Ti-salfan-H2-ox,Ti,ox,,,16,O,phenoxy_O,,2.519423,-1.647236,0.512767
catalysts,Ti-salfan-H2-ox.out,Ti-salfan-H2-ox,Ti,ox,,,24,O,phenoxy_O,,0.608706,0.387517,1.513935
catalysts,Ti-salfan-H2-red.out,Ti-salfan-H2-red,Ti,red,,,14,O,alkoxide_O,,-0.707888,-2.235393,-2.579997
catalysts,Ti-salfan-H2-red.out,Ti-salfan-H2-red,Ti,red,,,32,O,alkoxide_O,,0.285683,-2.773626,-0.026529
catalysts,Ti-salfan-H2-red.out,Ti-salfan-H2-red,Ti,red,,,12,N,donor_N,,-0.294475,-0.199056,1.12744
catalysts,Ti-salfan-H2-red.out,Ti-salfan-H2-red,Ti,red,,,13,N,donor_N,,1.630329,-0.850115,-1.668126
catalysts,Ti-salfan-H2-red.out,Ti-salfan-H2-red,Ti,red,,,1,C,ferrocene_C,,3.733522,0.165536,-0.5925
catalysts,Ti-salfan-H2-red.out,Ti-salfan-H2-red,Ti,red,,,2,C,ferrocene_C,,2.768517,-0.881956,-0.797635
catalysts,Ti-salfan-H2-red.out,Ti-salfan-H2-red,Ti,red,,,3,C,ferrocene_C,,3.17014,-2.018622,-0.017943
catalysts,Ti-salfan-H2-red.out,Ti-salfan-H2-red,Ti,red,,,4,C,ferrocene_C,,4.381742,-1.67408,0.664585
catalysts,Ti-salfan-H2-red.out,Ti-salfan-H2-red,Ti,red,,,5,C,ferrocene_C,,4.72663,-0.328087,0.314975
catalysts,Ti-salfan-H2-red.out,Ti-salfan-H2-red,Ti,red,,,7,C,ferrocene_C,,1.747223,1.177896,1.785096
catalysts,Ti-salfan-H2-red.out,Ti-salfan-H2-red,Ti,red,,,8,C,ferrocene_C,,0.969117,-0.028458,1.773877
catalysts,Ti-salfan-H2-red.out,Ti-salfan-H2-red,Ti,red,,,9,C,ferrocene_C,,1.609754,-0.989287,2.623669
catalysts,Ti-salfan-H2-red.out,Ti-salfan-H2-red,Ti,red,,,10,C,ferrocene_C,,2.774293,-0.365726,3.184727
catalysts,Ti-salfan-H2-red.out,Ti-salfan-H2-red,Ti,red,,,11,C,ferrocene_C,,2.861731,0.968496,2.664658
catalysts,Ti-salfan-H2-red.out,Ti-salfan-H2-red,Ti,red,,,6,Fe,ferrocene_Fe,,2.879871,-0.391619,1.160142
catalysts,Ti-salfan-H2-red.out,Ti-salfan-H2-red,Ti,red,,,74,Ti,metal_center,,-0.58708,-1.409126,-0.945143
catalysts,Ti-salfan-H2-red.out,Ti-salfan-H2-red,Ti,red,,,16,O,phenoxy_O,,-2.348639,-1.672494,-0.361171
catalysts,Ti-salfan-H2-red.out,Ti-salfan-H2-red,Ti,red,,,24,O,phenoxy_O,,-0.935414,0.399076,-1.523406
catalysts,Ti-salfan-H2-star-ox.out,Ti-salfan-H2-star-ox,Ti,ox,,,26,O,alkoxide_O,,2.038256,1.836102,1.982445
catalysts,Ti-salfan-H2-star-ox.out,Ti-salfan-H2-star-ox,Ti,ox,,,62,O,alkoxide_O,,2.256927,3.793024,-0.193251
catalysts,Ti-salfan-H2-star-ox.out,Ti-salfan-H2-star-ox,Ti,ox,,,39,N,donor_N,,-1.956702,0.321082,1.116865
catalysts,Ti-salfan-H2-star-ox.out,Ti-salfan-H2-star-ox,Ti,ox,,,40,N,donor_N,,0.830418,-1.445447,-1.134905
catalysts,Ti-salfan-H2-star-ox.out,Ti-salfan-H2-star-ox,Ti,ox,,,1,C,ferrocene_C,,-3.522572,-1.537834,0.46287
catalysts,Ti-salfan-H2-star-ox.out,Ti-salfan-H2-star-ox,Ti,ox,,,2,C,ferrocene_C,,-2.456992,-0.944499,1.225661
catalysts,Ti-salfan-H2-star-ox.out,Ti-salfan-H2-star-ox,Ti,ox,,,3,C,ferrocene_C,,-1.8851,-1.981772,2.050743
catalysts,Ti-salfan-H2-star-ox.out,Ti-salfan-H2-star-ox,Ti,ox,,,4,C,ferrocene_C,,-2.693559,-3.155386,1.902288
catalysts,Ti-salfan-H2-star-ox.out,Ti-salfan-H2-star-ox,Ti,ox,,,5,C,ferrocene_C,,-3.698492,-2.881854,0.923017
catalysts,Ti-salfan-H2-star-ox.out,Ti-salfan-H2-star-ox,Ti,ox,,,7,C,ferrocene_C,,-1.304564,-2.517163,-1.856059
catalysts,Ti-salfan-H2-star-ox.out,Ti-salfan-H2-star-ox,Ti,ox,,,8,C,ferrocene_C,,-0.073148,-2.471271,-1.105829
catalysts,Ti-salfan-H2-star-ox.out,Ti-salfan-H2-star-ox,Ti,ox,,,9,C,ferrocene_C,,-0.04132,-3.63435,-0.258461
catalysts,Ti-salfan-H2-star-ox.out,Ti-salfan-H2-star-ox,Ti,ox,,,10,C,ferrocene_C,,-1.157002,-4.462363,-0.601686
catalysts,Ti-salfan-H2-star-ox.out,Ti-salfan-H2-star-ox,Ti,ox,,,11,C,ferrocene_C,,-1.933467,-3.777909,-1.587668
catalysts,Ti-salfan-H2-star-ox.out,Ti-salfan-H2-star-ox,Ti,ox,,,6,Fe,ferrocene_Fe,,-1.836462,-2.678553,0.118352
catalysts,Ti-salfan-H2-star-ox.out,Ti-salfan-H2-star-ox,Ti,ox,,,44,Ti,metal_center,,1.546037,2.258472,0.321429
catalysts,Ti-salfan-H2-star-ox.out,Ti-salfan-H2-star-ox,Ti,ox,,,12,O,phenoxy_O,,2.102444,0.883285,-0.789127
catalysts,Ti-salfan-H2-star-ox.out,Ti-salfan-H2-star-ox,Ti,ox,,,19,O,phenoxy_O,,-0.283314,2.197043,0.262017
catalysts,Ti-salfan-H2-star-red.out,Ti-salfan-H2-star-red,Ti,red,,,12,O,alkoxide_O,,0.589228,-2.538621,1.896598
catalysts,Ti-salfan-H2-star-red.out,Ti-salfan-H2-star-red,Ti,red,,,28,O,alkoxide_O,,-0.626261,0.002126,2.274811
catalysts,Ti-salfan-H2-star-red.out,Ti-salfan-H2-star-red,Ti,red,,,41,N,donor_N,,1.842862,-0.008618,1.006621
catalysts,Ti-salfan-H2-star-red.out,Ti-salfan-H2-star-red,Ti,red,,,42,N,donor_N,,-1.228055,0.163529,-0.681659
catalysts,Ti-salfan-H2-star-red.out,Ti-salfan-H2-star-red,Ti,red,,,1,C,ferrocene_C,,2.447478,2.170001,-0.198789
catalysts,Ti-salfan-H2-star-red.out,Ti-salfan-H2-star-red,Ti,red,,,2,C,ferrocene_C,,1.864935,1.421812,0.877824
catalysts,Ti-salfan-H2-star-red.out,Ti-salfan-H2-star-red,Ti,red,,,3,C,ferrocene_C,,1.353771,2.341519,1.849484
catalysts,Ti-salfan-H2-star-red.out,Ti-salfan-H2-star-red,Ti,red,,,4,C,ferrocene_C,,1.649851,3.667181,1.387424
catalysts,Ti-salfan-H2-star-red.out,Ti-salfan-H2-star-red,Ti,red,,,5,C,ferrocene_C,,2.321655,3.561636,0.124689
catalysts,Ti-salfan-H2-star-red.out,Ti-salfan-H2-star-red,Ti,red,,,7,C,ferrocene_C,,-0.44437,2.358075,-1.738643
catalysts,Ti-salfan-H2-star-red.out,Ti-salfan-H2-star-red,Ti,red,,,8,C,ferrocene_C,,-1.040145,1.577485,-0.691357
catalysts,Ti-salfan-H2-star-red.out,Ti-salfan-H2-star-red,Ti,red,,,9,C,ferrocene_C,,-1.503402,2.465727,0.332368
catalysts,Ti-salfan-H2-star-red.out,Ti-salfan-H2-star-red,Ti,red,,,10,C,ferrocene_C,,-1.205235,3.802218,-0.088297
catalysts,Ti-salfan-H2-star-red.out,Ti-salfan-H2-star-red,Ti,red,,,11,C,ferrocene_C,,-0.543358,3.737439,-1.360221
catalysts,Ti-salfan-H2-star-red.out,Ti-salfan-H2-star-red,Ti,red,,,6,Fe,ferrocene_Fe,,0.492745,2.691359,0.039372
catalysts,Ti-salfan-H2-star-red.out,Ti-salfan-H2-star-red,Ti,red,,,46,Ti,metal_center,,-0.194719,-1.212096,0.939394
catalysts,Ti-salfan-H2-star-red.out,Ti-salfan-H2-star-red,Ti,red,,,14,O,phenoxy_O,,-1.880856,-2.02622,0.675411
catalysts,Ti-salfan-H2-star-red.out,Ti-salfan-H2-star-red,Ti,red,,,21,O,phenoxy_O,,0.736931,-1.68394,-0.74361
catalysts,Ti-salfan-star-red.out,Ti-salfan-star-red,Ti,red,,,12,O,alkoxide_O,,-0.547282,-2.607944,-1.162981
catalysts,Ti-salfan-star-red.out,Ti-salfan-star-red,Ti,red,,,28,O,alkoxide_O,,0.891902,-0.154487,-1.799103
catalysts,Ti-salfan-star-red.out,Ti-salfan-star-red,Ti,red,,,41,N,donor_N,,-1.911021,-0.118206,-1.208407
catalysts,Ti-salfan-star-red.out,Ti-salfan-star-red,Ti,red,,,42,N,donor_N,,1.459697,0.159425,1.09556
catalysts,Ti-salfan-star-red.out,Ti-salfan-star-red,Ti,red,,,1,C,ferrocene_C,,-2.377392,2.10631,-0.033835
catalysts,Ti-salfan-star-red.out,Ti-salfan-star-red,Ti,red,,,2,C,ferrocene_C,,-1.769414,1.302994,-1.057014
catalysts,Ti-salfan-star-red.out,Ti-salfan-star-red,Ti,red,,,3,C,ferrocene_C,,-1.107778,2.179677,-1.979582
catalysts,Ti-salfan-star-red.out,Ti-salfan-star-red,Ti,red,,,4,C,ferrocene_C,,-1.369458,3.526535,-1.565376
catalysts,Ti-salfan-star-red.out,Ti-salfan-star-red,Ti,red,,,5,C,ferrocene_C,,-2.148065,3.480664,-0.362876
catalysts,Ti-salfan-star-red.out,Ti-salfan-star-red,Ti,red,,,7,C,ferrocene_C,,0.433265,2.405459,1.766045
catalysts,Ti-salfan-star-red.out,Ti-salfan-star-red,Ti,red,,,8,C,ferrocene_C,,1.162638,1.541806,0.879072
catalysts,Ti-salfan-star-red.out,Ti-salfan-star-red,Ti,red,,,9,C,ferrocene_C,,1.652699,2.332397,-0.213379
catalysts,Ti-salfan-star-red.out,Ti-salfan-star-red,Ti,red,,,10,C,ferrocene_C,,1.285875,3.692897,0.034356
catalysts,Ti-salfan-star-red.out,Ti-salfan-star-red,Ti,red,,,11,C,ferrocene_C,,0.526122,3.738427,1.249185
catalysts,Ti-salfan-star-red.out,Ti-salfan-star-red,Ti,red,,,6,Fe,ferrocene_Fe,,-0.373372,2.541573,-0.110289
catalysts,Ti-salfan-star-red.out,Ti-salfan-star-red,Ti,red,,,46,Ti,metal_center,,0.145739,-1.112614,-0.394302
catalysts,Ti-salfan-star-red.out,Ti-salfan-star-red,Ti,red,,,14,O,phenoxy_O,,1.728338,-2.190936,-0.052953
catalysts,Ti-salfan-star-red.out,Ti-salfan-star-red,Ti,red,,,21,O,phenoxy_O,,-1.060094,-1.023875,1.13226
catalysts,Ti-salfen-ox.out,Ti-salfen-ox,Ti,ox,,,2,O,alkoxide_O,,0.651791,-0.148857,1.677923
catalysts,Ti-salfen-ox.out,Ti-salfen-ox,Ti,ox,,,28,O,alkoxide_O,,-0.651556,-0.15052,-1.676311
catalysts,Ti-salfen-ox.out,Ti-salfen-ox,Ti,ox,,,4,N,donor_N,,1.735404,0.825149,-0.626956
catalysts,Ti-salfen-ox.out,Ti-salfen-ox,Ti,ox,,,30,N,donor_N,,-1.736171,0.824225,0.627717
catalysts,Ti-salfen-ox.out,Ti-salfen-ox,Ti,ox,,,5,C,ferrocene_C,,1.486126,2.173311,-0.889004
catalysts,Ti-salfen-ox.out,Ti-salfen-ox,Ti,ox,,,6,C,ferrocene_C,,2.065212,3.303721,-0.218686
catalysts,Ti-salfen-ox.out,Ti-salfen-ox,Ti,ox,,,8,C,ferrocene_C,,1.511078,4.489639,-0.790105
catalysts,Ti-salfen-ox.out,Ti-salfen-ox,Ti,ox,,,10,C,ferrocene_C,,0.580505,4.102694,-1.804683
catalysts,Ti-salfen-ox.out,Ti-salfen-ox,Ti,ox,,,12,C,ferrocene_C,,0.528785,2.671725,-1.847619
catalysts,Ti-salfen-ox.out,Ti-salfen-ox,Ti,ox,,,31,C,ferrocene_C,,-1.488141,2.172729,0.889229
catalysts,Ti-salfen-ox.out,Ti-salfen-ox,Ti,ox,,,32,C,ferrocene_C,,-2.068055,3.302264,0.218149
catalysts,Ti-salfen-ox.out,Ti-salfen-ox,Ti,ox,,,34,C,ferrocene_C,,-1.514874,4.488972,0.78885
catalysts,Ti-salfen-ox.out,Ti-salfen-ox,Ti,ox,,,36,C,ferrocene_C,,-0.584103,4.103385,1.803762
catalysts,Ti-salfen-ox.out,Ti-salfen-ox,Ti,ox,,,38,C,ferrocene_C,,-0.53132,2.672493,1.847644
catalysts,Ti-salfen-ox.out,Ti-salfen-ox,Ti,ox,,,1,Fe,ferrocene_Fe,,-0.001442,3.326646,-0.000209
catalysts,Ti-salfen-ox.out,Ti-salfen-ox,Ti,ox,,,54,Ti,metal_center,,8.6e-05,-0.534589,0.000936
catalysts,Ti-salfen-ox.out,Ti-salfen-ox,Ti,ox,,,3,O,phenoxy_O,,1.320423,-1.872692,-0.326007
catalysts,Ti-salfen-ox.out,Ti-salfen-ox,Ti,ox,,,29,O,phenoxy_O,,-1.31911,-1.873354,0.329185
catalysts,Ti-salfen-red.out,Ti-salfen-red,Ti,red,,,2,O,alkoxide_O,,-0.817184,-0.316003,-1.76546
catalysts,Ti-salfen-red.out,Ti-salfen-red,Ti,red,,,28,O,alkoxide_O,,0.692042,-0.597115,1.574383
catalysts,Ti-salfen-red.out,Ti-salfen-red,Ti,red,,,4,N,donor_N,,-1.47469,0.879592,0.634097
catalysts,Ti-salfen-red.out,Ti-salfen-red,Ti,red,,,30,N,donor_N,,1.712626,0.790409,-0.696734
catalysts,Ti-salfen-red.out,Ti-salfen-red,Ti,red,,,5,C,ferrocene_C,,-1.083783,2.177979,1.005705
catalysts,Ti-salfen-red.out,Ti-salfen-red,Ti,red,,,6,C,ferrocene_C,,-1.704268,3.424526,0.626331
catalysts,Ti-salfen-red.out,Ti-salfen-red,Ti,red,,,8,C,ferrocene_C,,-0.953638,4.486466,1.22431
catalysts,Ti-salfen-red.out,Ti-salfen-red,Ti,red,,,10,C,ferrocene_C,,0.122463,3.906516,1.972616
catalysts,Ti-salfen-red.out,Ti-salfen-red,Ti,red,,,12,C,ferrocene_C,,0.056747,2.483541,1.832206
catalysts,Ti-salfen-red.out,Ti-salfen-red,Ti,red,,,31,C,ferrocene_C,,1.476955,2.138361,-1.020514
catalysts,Ti-salfen-red.out,Ti-salfen-red,Ti,red,,,32,C,ferrocene_C,,2.190502,3.298452,-0.54001
catalysts,Ti-salfen-red.out,Ti-salfen-red,Ti,red,,,34,C,ferrocene_C,,1.553515,4.459886,-1.083391
catalysts,Ti-salfen-red.out,Ti-salfen-red,Ti,red,,,36,C,ferrocene_C,,0.458189,4.02835,-1.899826
catalysts,Ti-salfen-red.out,Ti-salfen-red,Ti,red,,,38,C,ferrocene_C,,0.401472,2.599906,-1.859933
catalysts,Ti-salfen-red.out,Ti-salfen-red,Ti,red,,,1,Fe,ferrocene_Fe,,0.23925,3.341027,0.016553
catalysts,Ti-salfen-red.out,Ti-salfen-red,Ti,red,,,54,Ti,metal_center,,0.036551,-0.647737,-0.166427
catalysts,Ti-salfen-red.out,Ti-salfen-red,Ti,red,,,3,O,phenoxy_O,,-1.330958,-1.888076,0.37518
catalysts,Ti-salfen-red.out,Ti-salfen-red,Ti,red,,,29,O,phenoxy_O,,1.322518,-1.915283,-0.761344
catalysts,Ti-thiolfan-star-ox.out,Ti-thiolfan-star-ox,Ti,ox,,,12,O,alkoxide_O,,-0.304173,-2.827268,2.329611
catalysts,Ti-thiolfan-star-ox.out,Ti-thiolfan-star-ox,Ti,ox,,,28,O,alkoxide_O,,-0.957257,-0.052807,1.842979
catalysts,Ti-thiolfan-star-ox.out,Ti-thiolfan-star-ox,Ti,ox,,,41,S,donor_S,,2.042774,-0.502572,1.542412
catalysts,Ti-thiolfan-star-ox.out,Ti-thiolfan-star-ox,Ti,ox,,,42,S,donor_S,,-0.820077,0.116971,-1.35589
catalysts,Ti-thiolfan-star-ox.out,Ti-thiolfan-star-ox,Ti,ox,,,1,C,ferrocene_C,,2.784253,2.095462,0.56032
catalysts,Ti-thiolfan-star-ox.out,Ti-thiolfan-star-ox,Ti,ox,,,2,C,ferrocene_C,,2.004857,1.24568,1.412554
catalysts,Ti-thiolfan-star-ox.out,Ti-thiolfan-star-ox,Ti,ox,,,3,C,ferrocene_C,,1.216027,2.070587,2.275539
catalysts,Ti-thiolfan-star-ox.out,Ti-thiolfan-star-ox,Ti,ox,,,4,C,ferrocene_C,,1.573661,3.432863,2.020021
catalysts,Ti-thiolfan-star-ox.out,Ti-thiolfan-star-ox,Ti,ox,,,5,C,ferrocene_C,,2.544391,3.449354,0.965885
catalysts,Ti-thiolfan-star-ox.out,Ti-thiolfan-star-ox,Ti,ox,,,7,C,ferrocene_C,,0.390184,2.629079,-1.708941
catalysts,Ti-thiolfan-star-ox.out,Ti-thiolfan-star-ox,Ti,ox,,,8,C,ferrocene_C,,-0.592533,1.816755,-1.04706
catalysts,Ti-thiolfan-star-ox.out,Ti-thiolfan-star-ox,Ti,ox,,,9,C,ferrocene_C,,-1.234096,2.610411,-0.037752
catalysts,Ti-thiolfan-star-ox.out,Ti-thiolfan-star-ox,Ti,ox,,,10,C,ferrocene_C,,-0.708566,3.935466,-0.135939
catalysts,Ti-thiolfan-star-ox.out,Ti-thiolfan-star-ox,Ti,ox,,,11,C,ferrocene_C,,0.294166,3.948062,-1.16092
catalysts,Ti-thiolfan-star-ox.out,Ti-thiolfan-star-ox,Ti,ox,,,6,Fe,ferrocene_Fe,,0.808099,2.630141,0.305711
catalysts,Ti-thiolfan-star-ox.out,Ti-thiolfan-star-ox,Ti,ox,,,46,Ti,metal_center,,-0.429015,-1.622992,1.027129
catalysts,Ti-thiolfan-star-ox.out,Ti-thiolfan-star-ox,Ti,ox,,,14,O,phenoxy_O,,-2.101012,-2.01196,0.225158
catalysts,Ti-thiolfan-star-ox.out,Ti-thiolfan-star-ox,Ti,ox,,,21,O,phenoxy_O,,0.774514,-2.260456,-0.278859
catalysts,Ti-thiolfan-star-red.out,Ti-thiolfan-star-red,Ti,red,,,12,O,alkoxide_O,,-0.511889,-2.439998,2.7605
catalysts,Ti-thiolfan-star-red.out,Ti-thiolfan-star-red,Ti,red,,,28,O,alkoxide_O,,-0.671057,0.352512,2.30917
catalysts,Ti-thiolfan-star-red.out,Ti-thiolfan-star-red,Ti,red,,,41,S,donor_S,,2.012142,-0.552715,1.377404
catalysts,Ti-thiolfan-star-red.out,Ti-thiolfan-star-red,Ti,red,,,42,S,donor_S,,-0.636906,0.116054,-0.987989
catalysts,Ti-thiolfan-star-red.out,Ti-thiolfan-star-red,Ti,red,,,1,C,ferrocene_C,,3.068757,1.785767,0.013233
catalysts,Ti-thiolfan-star-red.out,Ti-thiolfan-star-red,Ti,red,,,2,C,ferrocene_C,,2.27688,1.164568,1.04089
catalysts,Ti-thiolfan-star-red.out,Ti-thiolfan-star-red,Ti,red,,,3,C,ferrocene_C,,1.887061,2.175324,1.983976
catalysts,Ti-thiolfan-star-red.out,Ti-thiolfan-star-red,Ti,red,,,4,C,ferrocene_C,,2.459276,3.415672,1.553168
catalysts,Ti-thiolfan-star-red.out,Ti-thiolfan-star-red,Ti,red,,,5,C,ferrocene_C,,3.186815,3.176854,0.340903
catalysts,Ti-thiolfan-star-red.out,Ti-thiolfan-star-red,Ti,red,,,7,C,ferrocene_C,,0.442076,2.615188,-1.755264
catalysts,Ti-thiolfan-star-red.out,Ti-thiolfan-star-red,Ti,red,,,8,C,ferrocene_C,,-0.34887,1.845592,-0.831615
catalysts,Ti-thiolfan-star-red.out,Ti-thiolfan-star-red,Ti,red,,,9,C,ferrocene_C,,-0.787101,2.713567,0.226912
catalysts,Ti-thiolfan-star-red.out,Ti-thiolfan-star-red,Ti,red,,,10,C,ferrocene_C,,-0.276149,4.019807,-0.053376
catalysts,Ti-thiolfan-star-red.out,Ti-thiolfan-star-red,Ti,red,,,11,C,ferrocene_C,,0.487408,3.958796,-1.267444
catalysts,Ti-thiolfan-star-red.out,Ti-thiolfan-star-red,Ti,red,,,6,Fe,ferrocene_Fe,,1.237435,2.659175,0.116931
catalysts,Ti-thiolfan-star-red.out,Ti-thiolfan-star-red,Ti,red,,,46,Ti,metal_center,,-0.575774,-1.262155,1.39155
catalysts,Ti-thiolfan-star-red.out,Ti-thiolfan-star-red,Ti,red,,,14,O,phenoxy_O,,-2.373084,-1.396924,0.852763
catalysts,Ti-thiolfan-star-red.out,Ti-thiolfan-star-red,Ti,red,,,21,O,phenoxy_O,,0.298658,-2.430312,0.110633
catalysts,Y-phosphen-red.out,Y-phosphen-red,Y,red,,,23,O,alkoxide_O,,-0.381584,0.720426,2.419746
catalysts,Y-phosphen-red.out,Y-phosphen-red,Y,red,,,3,N,donor_N,,1.891131,-0.579036,-0.006941
catalysts,Y-phosphen-red.out,Y-phosphen-red,Y,red,,,25,N,donor_N,,-1.71526,-0.505264,-0.445548
catalysts,Y-phosphen-red.out,Y-phosphen-red,Y,red,,,47,P,donor_P,,3.392851,0.035922,0.052812
catalysts,Y-phosphen-red.out,Y-phosphen-red,Y,red,,,48,P,donor_P,,-3.285021,-0.113844,-0.306024
catalysts,Y-phosphen-red.out,Y-phosphen-red,Y,red,,,4,C,ferrocene_C,,1.648587,-1.906154,0.420837
catalysts,Y-phosphen-red.out,Y-phosphen-red,Y,red,,,5,C,ferrocene_C,,2.110835,-3.138822,-0.172842
catalysts,Y-phosphen-red.out,Y-phosphen-red,Y,red,,,7,C,ferrocene_C,,1.528287,-4.230521,0.547819
catalysts,Y-phosphen-red.out,Y-phosphen-red,Y,red,,,9,C,ferrocene_C,,0.691256,-3.690665,1.579141
catalysts,Y-phosphen-red.out,Y-phosphen-red,Y,red,,,11,C,ferrocene_C,,0.769318,-2.262702,1.510611
catalysts,Y-phosphen-red.out,Y-phosphen-red,Y,red,,,26,C,ferrocene_C,,-1.439412,-1.825926,-0.870583
catalysts,Y-phosphen-red.out,Y-phosphen-red,Y,red,,,27,C,ferrocene_C,,-1.931237,-3.080597,-0.333479
catalysts,Y-phosphen-red.out,Y-phosphen-red,Y,red,,,29,C,ferrocene_C,,-1.373564,-4.147046,-1.112082
catalysts,Y-phosphen-red.out,Y-phosphen-red,Y,red,,,31,C,ferrocene_C,,-0.518648,-3.571417,-2.109691
catalysts,Y-phosphen-red.out,Y-phosphen-red,Y,red,,,33,C,ferrocene_C,,-0.564083,-2.148171,-1.964375
catalysts,Y-phosphen-red.out,Y-phosphen-red,Y,red,,,1,Fe,ferrocene_Fe,,0.08727,-3.030108,-0.245025
catalysts,Y-phosphen-red.out,Y-phosphen-red,Y,red,,,107,Y,metal_center,,0.013052,0.918494,0.40206
catalysts,Y-phosphen-red.out,Y-phosphen-red,Y,red,,,2,O,phenoxy_O,,1.65286,2.330932,0.053785
catalysts,Y-phosphen-red.out,Y-phosphen-red,Y,red,,,24,O,phenoxy_O,,-1.379788,2.424042,-0.416199
catalysts,Y-salfen-ox.out,Y-salfen-ox,Y,ox,,,25,O,alkoxide_O,,0.540111,-0.25733,2.556446
catalysts,Y-salfen-ox.out,Y-salfen-ox,Y,ox,,,3,N,donor_N,,-1.984413,0.68963,0.542014
catalysts,Y-salfen-ox.out,Y-salfen-ox,Y,ox,,,27,N,donor_N,,1.556796,0.856489,-0.742078
catalysts,Y-salfen-ox.out,Y-salfen-ox,Y,ox,,,4,C,ferrocene_C,,-1.811485,2.052555,0.805856
catalysts,Y-salfen-ox.out,Y-salfen-ox,Y,ox,,,5,C,ferrocene_C,,-2.471747,3.175682,0.194118
catalysts,Y-salfen-ox.out,Y-salfen-ox,Y,ox,,,7,C,ferrocene_C,,-1.870389,4.367484,0.703391
catalysts,Y-salfen-ox.out,Y-salfen-ox,Y,ox,,,9,C,ferrocene_C,,-0.838156,3.996526,1.619776
catalysts,Y-salfen-ox.out,Y-salfen-ox,Y,ox,,,11,C,ferrocene_C,,-0.775356,2.569687,1.675123
catalysts,Y-salfen-ox.out,Y-salfen-ox,Y,ox,,,28,C,ferrocene_C,,1.053591,2.111504,-1.127328
catalysts,Y-salfen-ox.out,Y-salfen-ox,Y,ox,,,29,C,ferrocene_C,,1.532761,3.412159,-0.745641
catalysts,Y-salfen-ox.out,Y-salfen-ox,Y,ox,,,31,C,ferrocene_C,,0.735152,4.389628,-1.415083
catalysts,Y-salfen-ox.out,Y-salfen-ox,Y,ox,,,33,C,ferrocene_C,,-0.241361,3.707644,-2.205904
catalysts,Y-salfen-ox.out,Y-salfen-ox,Y,ox,,,35,C,ferrocene_C,,-0.075321,2.299083,-2.010543
catalysts,Y-salfen-ox.out,Y-salfen-ox,Y,ox,,,1,Fe,ferrocene_Fe,,-0.459987,3.184996,-0.235423
catalysts,Y-salfen-ox.out,Y-salfen-ox,Y,ox,,,65,Y,metal_center,,0.126099,-0.621585,0.608084
catalysts,Y-salfen-ox.out,Y-salfen-ox,Y,ox,,,2,O,phenoxy_O,,-1.420567,-2.03404,-0.007633
catalysts,Y-salfen-ox.out,Y-salfen-ox,Y,ox,,,26,O,phenoxy_O,,1.841511,-1.878151,0.033148
catalysts,Y-salfen-red.out,Y-salfen-red,Y,red,,,25,O,alkoxide_O,,0.504448,-0.448375,2.542663
catalysts,Y-salfen-red.out,Y-salfen-red,Y,red,,,3,N,donor_N,,-1.917449,0.690887,0.602645
catalysts,Y-salfen-red.out,Y-salfen-red,Y,red,,,27,N,donor_N,,1.545225,0.82304,-0.754771
catalysts,Y-salfen-red.out,Y-salfen-red,Y,red,,,4,C,ferrocene_C,,-1.673505,2.042072,0.899423
catalysts,Y-salfen-red.out,Y-salfen-red,Y,red,,,5,C,ferrocene_C,,-2.351011,3.213668,0.39583
catalysts,Y-salfen-red.out,Y-salfen-red,Y,red,,,7,C,ferrocene_C,,-1.648525,4.364515,0.879188
catalysts,Y-salfen-red.out,Y-salfen-red,Y,red,,,9,C,ferrocene_C,,-0.543751,3.915999,1.674503
catalysts,Y-salfen-red.out,Y-salfen-red,Y,red,,,11,C,ferrocene_C,,-0.550876,2.486792,1.688725
catalysts,Y-salfen-red.out,Y-salfen-red,Y,red,,,28,C,ferrocene_C,,0.99675,2.052072,-1.177653
catalysts,Y-salfen-red.out,Y-salfen-red,Y,red,,,29,C,ferrocene_C,,1.487579,3.384991,-0.926648
catalysts,Y-salfen-red.out,Y-salfen-red,Y,red,,,31,C,ferrocene_C,,0.604669,4.306892,-1.57559
catalysts,Y-salfen-red.out,Y-salfen-red,Y,red,,,33,C,ferrocene_C,,-0.430682,3.555281,-2.222541
catalysts,Y-salfen-red.out,Y-salfen-red,Y,red,,,35,C,ferrocene_C,,-0.199082,2.165221,-1.970763
catalysts,Y-salfen-red.out,Y-salfen-red,Y,red,,,1,Fe,ferrocene_Fe,,-0.416985,3.16487,-0.224085
catalysts,Y-salfen-red.out,Y-salfen-red,Y,red,,,65,Y,metal_center,,0.136998,-0.719449,0.549493
catalysts,Y-salfen-red.out,Y-salfen-red,Y,red,,,2,O,phenoxy_O,,-1.458127,-2.008104,-0.14046
catalysts,Y-salfen-red.out,Y-salfen-red,Y,red,,,26,O,phenoxy_O,,1.863534,-1.921771,-0.046817
catalysts,Zr-salfan-H2-ox.out,Zr-salfan-H2-ox,Zr,ox,,,14,O,alkoxide_O,,-0.606899,-2.758526,-2.227155
catalysts,Zr-salfan-H2-ox.out,Zr-salfan-H2-ox,Zr,ox,,,32,O,alkoxide_O,,0.291021,-2.65932,0.688063
catalysts,Zr-salfan-H2-ox.out,Zr-salfan-H2-ox,Zr,ox,,,12,N,donor_N,,-0.458099,0.147112,1.245709
catalysts,Zr-salfan-H2-ox.out,Zr-salfan-H2-ox,Zr,ox,,,13,N,donor_N,,1.81916,-1.025533,-1.517025
catalysts,Zr-salfan-H2-ox.out,Zr-salfan-H2-ox,Zr,ox,,,1,C,ferrocene_C,,3.757301,0.223677,-0.423865
catalysts,Zr-salfan-H2-ox.out,Zr-salfan-H2-ox,Zr,ox,,,2,C,ferrocene_C,,2.880887,-0.898359,-0.584893
catalysts,Zr-salfan-H2-ox.out,Zr-salfan-H2-ox,Zr,ox,,,3,C,ferrocene_C,,3.207364,-1.867741,0.418768
catalysts,Zr-salfan-H2-ox.out,Zr-salfan-H2-ox,Zr,ox,,,4,C,ferrocene_C,,4.326795,-1.37041,1.159777
catalysts,Zr-salfan-H2-ox.out,Zr-salfan-H2-ox,Zr,ox,,,5,C,ferrocene_C,,4.661891,-0.078815,0.644517
catalysts,Zr-salfan-H2-ox.out,Zr-salfan-H2-ox,Zr,ox,,,7,C,ferrocene_C,,1.58873,1.567309,1.720715
catalysts,Zr-salfan-H2-ox.out,Zr-salfan-H2-ox,Zr,ox,,,8,C,ferrocene_C,,0.759181,0.408305,1.902332
catalysts,Zr-salfan-H2-ox.out,Zr-salfan-H2-ox,Zr,ox,,,9,C,ferrocene_C,,1.380354,-0.444487,2.866129
catalysts,Zr-salfan-H2-ox.out,Zr-salfan-H2-ox,Zr,ox,,,10,C,ferrocene_C,,2.54827,0.226997,3.354165
catalysts,Zr-salfan-H2-ox.out,Zr-salfan-H2-ox,Zr,ox,,,11,C,ferrocene_C,,2.675744,1.469386,2.653408
catalysts,Zr-salfan-H2-ox.out,Zr-salfan-H2-ox,Zr,ox,,,6,Fe,ferrocene_Fe,,2.7469,-0.082844,1.347636
catalysts,Zr-salfan-H2-ox.out,Zr-salfan-H2-ox,Zr,ox,,,74,Zr,metal_center,,-0.57152,-1.539321,-0.722382
catalysts,Zr-salfan-H2-ox.out,Zr-salfan-H2-ox,Zr,ox,,,16,O,phenoxy_O,,-2.519877,-1.541319,-0.11767
catalysts,Zr-salfan-H2-ox.out,Zr-salfan-H2-ox,Zr,ox,,,24,O,phenoxy_O,,-0.74783,0.330716,-1.597744
catalysts,Zr-salfan-H2-red.out,Zr-salfan-H2-red,Zr,red,,,14,O,alkoxide_O,,0.559846,-2.521997,2.551217
catalysts,Zr-salfan-H2-red.out,Zr-salfan-H2-red,Zr,red,,,32,O,alkoxide_O,,-0.345068,-2.974841,-0.347669
catalysts,Zr-salfan-H2-red.out,Zr-salfan-H2-red,Zr,red,,,12,N,donor_N,,0.297124,-0.012187,-1.144319
catalysts,Zr-salfan-H2-red.out,Zr-salfan-H2-red,Zr,red,,,13,N,donor_N,,-1.748903,-0.868844,1.615574
catalysts,Zr-salfan-H2-red.out,Zr-salfan-H2-red,Zr,red,,,1,C,ferrocene_C,,-3.783733,0.328706,0.577413
catalysts,Zr-salfan-H2-red.out,Zr-salfan-H2-red,Zr,red,,,2,C,ferrocene_C,,-2.860536,-0.764308,0.71154
catalysts,Zr-salfan-H2-red.out,Zr-salfan-H2-red,Zr,red,,,3,C,ferrocene_C,,-3.267476,-1.808402,-0.183762
catalysts,Zr-salfan-H2-red.out,Zr-salfan-H2-red,Zr,red,,,4,C,ferrocene_C,,-4.442865,-1.36215,-0.869807
catalysts,Zr-salfan-H2-red.out,Zr-salfan-H2-red,Zr,red,,,5,C,ferrocene_C,,-4.758239,-0.0446,-0.404629
catalysts,Zr-salfan-H2-red.out,Zr-salfan-H2-red,Zr,red,,,7,C,ferrocene_C,,-1.69325,1.515089,-1.607531
catalysts,Zr-salfan-H2-red.out,Zr-salfan-H2-red,Zr,red,,,8,C,ferrocene_C,,-0.959299,0.2922,-1.759887
catalysts,Zr-salfan-H2-red.out,Zr-salfan-H2-red,Zr,red,,,9,C,ferrocene_C,,-1.629037,-0.520724,-2.732922
catalysts,Zr-salfan-H2-red.out,Zr-salfan-H2-red,Zr,red,,,10,C,ferrocene_C,,-2.76973,0.211815,-3.200932
catalysts,Zr-salfan-H2-red.out,Zr-salfan-H2-red,Zr,red,,,11,C,ferrocene_C,,-2.811537,1.464574,-2.504387
catalysts,Zr-salfan-H2-red.out,Zr-salfan-H2-red,Zr,red,,,6,Fe,ferrocene_Fe,,-2.88724,-0.084054,-1.196068
catalysts,Zr-salfan-H2-red.out,Zr-salfan-H2-red,Zr,red,,,74,Zr,metal_center,,0.492569,-1.589768,0.800559
catalysts,Zr-salfan-H2-red.out,Zr-salfan-H2-red,Zr,red,,,16,O,phenoxy_O,,2.394619,-1.707508,0.086492
catalysts,Zr-salfan-H2-red.out,Zr-salfan-H2-red,Zr,red,,,24,O,phenoxy_O,,0.959921,0.280141,1.649473
catalysts,Zr-salfan-H2-star-ox.out,Zr-salfan-H2-star-ox,Zr,ox,,,26,O,alkoxide_O,,-3.270083,-1.052391,1.916775
catalysts,Zr-salfan-H2-star-ox.out,Zr-salfan-H2-star-ox,Zr,ox,,,62,O,alkoxide_O,,-3.758622,-2.027125,-1.081911
catalysts,Zr-salfan-H2-star-ox.out,Zr-salfan-H2-star-ox,Zr,ox,,,39,N,donor_N,,1.643222,-1.178759,1.030448
catalysts,Zr-salfan-H2-star-ox.out,Zr-salfan-H2-star-ox,Zr,ox,,,40,N,donor_N,,0.241766,1.921488,-1.102117
catalysts,Zr-salfan-H2-star-ox.out,Zr-salfan-H2-star-ox,Zr,ox,,,1,C,ferrocene_C,,3.960907,-0.420704,0.410591
catalysts,Zr-salfan-H2-star-ox.out,Zr-salfan-H2-star-ox,Zr,ox,,,2,C,ferrocene_C,,2.73279,-0.364818,1.157827
catalysts,Zr-salfan-H2-star-ox.out,Zr-salfan-H2-star-ox,Zr,ox,,,3,C,ferrocene_C,,2.793085,0.805349,2.0014
catalysts,Zr-salfan-H2-star-ox.out,Zr-salfan-H2-star-ox,Zr,ox,,,4,C,ferrocene_C,,4.107444,1.364271,1.88176
catalysts,Zr-salfan-H2-star-ox.out,Zr-salfan-H2-star-ox,Zr,ox,,,5,C,ferrocene_C,,4.823266,0.611191,0.899979
catalysts,Zr-salfan-H2-star-ox.out,Zr-salfan-H2-star-ox,Zr,ox,,,7,C,ferrocene_C,,2.596972,1.635914,-1.878028
catalysts,Zr-salfan-H2-star-ox.out,Zr-salfan-H2-star-ox,Zr,ox,,,8,C,ferrocene_C,,1.562019,2.27571,-1.101939
catalysts,Zr-salfan-H2-star-ox.out,Zr-salfan-H2-star-ox,Zr,ox,,,9,C,ferrocene_C,,2.19637,3.254474,-0.259353
catalysts,Zr-salfan-H2-star-ox.out,Zr-salfan-H2-star-ox,Zr,ox,,,10,C,ferrocene_C,,3.578768,3.32012,-0.62186
catalysts,Zr-salfan-H2-star-ox.out,Zr-salfan-H2-star-ox,Zr,ox,,,11,C,ferrocene_C,,3.826215,2.327742,-1.620792
catalysts,Zr-salfan-H2-star-ox.out,Zr-salfan-H2-star-ox,Zr,ox,,,6,Fe,ferrocene_Fe,,3.15314,1.453556,0.086997
catalysts,Zr-salfan-H2-star-ox.out,Zr-salfan-H2-star-ox,Zr,ox,,,44,Zr,metal_center,,-2.543523,-1.164815,0.135986
catalysts,Zr-salfan-H2-star-ox.out,Zr-salfan-H2-star-ox,Zr,ox,,,12,O,phenoxy_O,,-2.044541,0.646447,-0.562139
catalysts,Zr-salfan-H2-star-ox.out,Zr-salfan-H2-star-ox,Zr,ox,,,19,O,phenoxy_O,,-0.763513,-2.055532,0.266542
catalysts,Zr-salfan-H2-star-red.out,Zr-salfan-H2-star-red,Zr,red,,,12,O,alkoxide_O,,0.852282,-2.598239,1.913799
catalysts,Zr-salfan-H2-star-red.out,Zr-salfan-H2-star-red,Zr,red,,,28,O,alkoxide_O,,-0.723909,0.010033,2.506146
catalysts,Zr-salfan-H2-star-red.out,Zr-salfan-H2-star-red,Zr,red,,,41,N,donor_N,,1.957203,0.095243,0.940414
catalysts,Zr-salfan-H2-star-red.out,Zr-salfan-H2-star-red,Zr,red,,,42,N,donor_N,,-1.319772,0.16333,-0.699188
catalysts,Zr-salfan-H2-star-red.out,Zr-salfan-H2-star-red,Zr,red,,,1,C,ferrocene_C,,2.375626,2.252531,-0.383214
catalysts,Zr-salfan-H2-star-red.out,Zr-salfan-H2-star-red,Zr,red,,,2,C,ferrocene_C,,1.888568,1.521513,0.748739
catalysts,Zr-salfan-H2-star-red.out,Zr-salfan-H2-star-red,Zr,red,,,3,C,ferrocene_C,,1.396108,2.45401,1.717586
catalysts,Zr-salfan-H2-star-red.out,Zr-salfan-H2-star-red,Zr,red,,,4,C,ferrocene_C,,1.612925,3.773277,1.197794
catalysts,Zr-salfan-H2-star-red.out,Zr-salfan-H2-star-red,Zr,red,,,5,C,ferrocene_C,,2.21391,3.6484,-0.097816
catalysts,Zr-salfan-H2-star-red.out,Zr-salfan-H2-star-red,Zr,red,,,7,C,ferrocene_C,,-0.576779,2.352014,-1.796669
catalysts,Zr-salfan-H2-star-red.out,Zr-salfan-H2-star-red,Zr,red,,,8,C,ferrocene_C,,-1.139665,1.576984,-0.728912
catalysts,Zr-salfan-H2-star-red.out,Zr-salfan-H2-star-red,Zr,red,,,9,C,ferrocene_C,,-1.577674,2.471301,0.300692
catalysts,Zr-salfan-H2-star-red.out,Zr-salfan-H2-star-red,Zr,red,,,10,C,ferrocene_C,,-1.300332,3.805692,-0.138002
catalysts,Zr-salfan-H2-star-red.out,Zr-salfan-H2-star-red,Zr,red,,,11,C,ferrocene_C,,-0.67496,3.733479,-1.427547
catalysts,Zr-salfan-H2-star-red.out,Zr-salfan-H2-star-red,Zr,red,,,6,Fe,ferrocene_Fe,,0.415151,2.716086,-0.05107
catalysts,Zr-salfan-H2-star-red.out,Zr-salfan-H2-star-red,Zr,red,,,46,Zr,metal_center,,-0.173762,-1.177457,1.031893
catalysts,Zr-salfan-H2-star-red.out,Zr-salfan-H2-star-red,Zr,red,,,14,O,phenoxy_O,,-1.947212,-2.115427,0.565038
catalysts,Zr-salfan-H2-star-red.out,Zr-salfan-H2-star-red,Zr,red,,,21,O,phenoxy_O,,0.794633,-1.567753,-0.85283
catalysts,Zr-salfan-ox.out,Zr-salfan-ox,Zr,ox,,,14,O,alkoxide_O,,-0.337146,-1.934479,2.269524
catalysts,Zr-salfan-ox.out,Zr-salfan-ox,Zr,ox,,,32,O,alkoxide_O,,-0.823494,1.173176,1.931951
catalysts,Zr-salfan-ox.out,Zr-salfan-ox,Zr,ox,,,12,N,donor_N,,-1.315166,0.859764,-1.065768
catalysts,Zr-salfan-ox.out,Zr-salfan-ox,Zr,ox,,,13,N,donor_N,,1.925348,-0.100326,1.870459
catalysts,Zr-salfan-ox.out,Zr-salfan-ox,Zr,ox,,,1,C,ferrocene_C,,3.288253,1.151754,0.105857
catalysts,Zr-salfan-ox.out,Zr-salfan-ox,Zr,ox,,,2,C,ferrocene_C,,2.429331,1.060436,1.252689
catalysts,Zr-salfan-ox.out,Zr-salfan-ox,Zr,ox,,,3,C,ferrocene_C,,2.121653,2.403496,1.669016
catalysts,Zr-salfan-ox.out,Zr-salfan-ox,Zr,ox,,,4,C,ferrocene_C,,2.892244,3.305383,0.87117
catalysts,Zr-salfan-ox.out,Zr-salfan-ox,Zr,ox,,,5,C,ferrocene_C,,3.606314,2.532599,-0.097144
catalysts,Zr-salfan-ox.out,Zr-salfan-ox,Zr,ox,,,7,C,ferrocene_C,,0.796149,1.744645,-2.162298
catalysts,Zr-salfan-ox.out,Zr-salfan-ox,Zr,ox,,,8,C,ferrocene_C,,-0.325299,1.841684,-1.268015
catalysts,Zr-salfan-ox.out,Zr-salfan-ox,Zr,ox,,,9,C,ferrocene_C,,-0.274677,3.137029,-0.652034
catalysts,Zr-salfan-ox.out,Zr-salfan-ox,Zr,ox,,,10,C,ferrocene_C,,0.770338,3.886312,-1.283087
catalysts,Zr-salfan-ox.out,Zr-salfan-ox,Zr,ox,,,11,C,ferrocene_C,,1.429966,3.027427,-2.217712
catalysts,Zr-salfan-ox.out,Zr-salfan-ox,Zr,ox,,,6,Fe,ferrocene_Fe,,1.605678,2.303378,-0.334489
catalysts,Zr-salfan-ox.out,Zr-salfan-ox,Zr,ox,,,72,Zr,metal_center,,-0.47566,-0.502697,0.941986
catalysts,Zr-salfan-ox.out,Zr-salfan-ox,Zr,ox,,,16,O,phenoxy_O,,-2.406282,-1.117491,0.61531
catalysts,Zr-salfan-ox.out,Zr-salfan-ox,Zr,ox,,,24,O,phenoxy_O,,0.769963,-1.220881,-0.542484
catalysts,Zr-salfan-red.out,Zr-salfan-red,Zr,red,,,14,O,alkoxide_O,,-0.520295,-2.4217,1.800078
catalysts,Zr-salfan-red.out,Zr-salfan-red,Zr,red,,,32,O,alkoxide_O,,-1.174643,0.637221,2.041054
catalysts,Zr-salfan-red.out,Zr-salfan-red,Zr,red,,,12,N,donor_N,,-1.091751,0.827865,-1.07058
catalysts,Zr-salfan-red.out,Zr-salfan-red,Zr,red,,,13,N,donor_N,,1.615323,-0.38748,1.932826
catalysts,Zr-salfan-red.out,Zr-salfan-red,Zr,red,,,1,C,ferrocene_C,,3.255494,1.346119,0.943363
catalysts,Zr-salfan-red.out,Zr-salfan-red,Zr,red,,,2,C,ferrocene_C,,2.059851,0.946532,1.631153
catalysts,Zr-salfan-red.out,Zr-salfan-red,Zr,red,,,3,C,ferrocene_C,,1.400261,2.138593,2.103664
catalysts,Zr-salfan-red.out,Zr-salfan-red,Zr,red,,,4,C,ferrocene_C,,2.207896,3.258833,1.74163
catalysts,Zr-salfan-red.out,Zr-salfan-red,Zr,red,,,5,C,ferrocene_C,,3.34381,2.772612,1.018086
catalysts,Zr-salfan-red.out,Zr-salfan-red,Zr,red,,,7,C,ferrocene_C,,1.273528,1.488941,-1.785756
catalysts,Zr-salfan-red.out,Zr-salfan-red,Zr,red,,,8,C,ferrocene_C,,0.011169,1.750136,-1.143039
catalysts,Zr-salfan-red.out,Zr-salfan-red,Zr,red,,,9,C,ferrocene_C,,-0.007191,3.138439,-0.768015
catalysts,Zr-salfan-red.out,Zr-salfan-red,Zr,red,,,10,C,ferrocene_C,,1.211262,3.735327,-1.225444
catalysts,Zr-salfan-red.out,Zr-salfan-red,Zr,red,,,11,C,ferrocene_C,,1.995196,2.720033,-1.860632
catalysts,Zr-salfan-red.out,Zr-salfan-red,Zr,red,,,6,Fe,ferrocene_Fe,,1.625417,2.245115,0.079251
catalysts,Zr-salfan-red.out,Zr-salfan-red,Zr,red,,,72,Zr,metal_center,,-0.523084,-0.760662,0.720594
catalysts,Zr-salfan-red.out,Zr-salfan-red,Zr,red,,,16,O,phenoxy_O,,-2.44378,-1.290723,0.178095
catalysts,Zr-salfan-red.out,Zr-salfan-red,Zr,red,,,24,O,phenoxy_O,,0.834068,-1.409353,-0.717828
catalysts,Zr-salfan-star-ox.out,Zr-salfan-star-ox,Zr,ox,,,26,O,alkoxide_O,,-0.879562,-0.178581,2.086854
catalysts,Zr-salfan-star-ox.out,Zr-salfan-star-ox,Zr,ox,,,62,O,alkoxide_O,,-0.19782,-3.149722,1.769168
catalysts,Zr-salfan-star-ox.out,Zr-salfan-star-ox,Zr,ox,,,39,N,donor_N,,2.708196,0.120274,1.113912
catalysts,Zr-salfan-star-ox.out,Zr-salfan-star-ox,Zr,ox,,,40,N,donor_N,,-1.374243,0.339513,-1.02395
catalysts,Zr-salfan-star-ox.out,Zr-salfan-star-ox,Zr,ox,,,1,C,ferrocene_C,,2.723889,2.302758,-0.077194
catalysts,Zr-salfan-star-ox.out,Zr-salfan-star-ox,Zr,ox,,,2,C,ferrocene_C,,2.449578,1.440103,1.050606
catalysts,Zr-salfan-star-ox.out,Zr-salfan-star-ox,Zr,ox,,,3,C,ferrocene_C,,1.751573,2.237044,2.029719
catalysts,Zr-salfan-star-ox.out,Zr-salfan-star-ox,Zr,ox,,,4,C,ferrocene_C,,1.823734,3.606091,1.613679
catalysts,Zr-salfan-star-ox.out,Zr-salfan-star-ox,Zr,ox,,,5,C,ferrocene_C,,2.438481,3.647534,0.322082
catalysts,Zr-salfan-star-ox.out,Zr-salfan-star-ox,Zr,ox,,,7,C,ferrocene_C,,-0.271851,2.559302,-1.588393
catalysts,Zr-salfan-star-ox.out,Zr-salfan-star-ox,Zr,ox,,,8,C,ferrocene_C,,-1.011082,1.669657,-0.744896
catalysts,Zr-salfan-star-ox.out,Zr-salfan-star-ox,Zr,ox,,,9,C,ferrocene_C,,-1.368837,2.384353,0.444526
catalysts,Zr-salfan-star-ox.out,Zr-salfan-star-ox,Zr,ox,,,10,C,ferrocene_C,,-0.986279,3.751459,0.269212
catalysts,Zr-salfan-star-ox.out,Zr-salfan-star-ox,Zr,ox,,,11,C,ferrocene_C,,-0.302594,3.860974,-0.982788
catalysts,Zr-salfan-star-ox.out,Zr-salfan-star-ox,Zr,ox,,,6,Fe,ferrocene_Fe,,0.709386,2.60546,0.251989
catalysts,Zr-salfan-star-ox.out,Zr-salfan-star-ox,Zr,ox,,,44,Zr,metal_center,,-0.553429,-1.565744,0.7422
catalysts,Zr-salfan-star-ox.out,Zr-salfan-star-ox,Zr,ox,,,12,O,phenoxy_O,,-2.291384,-2.09149,-0.170143
catalysts,Zr-salfan-star-ox.out,Zr-salfan-star-ox,Zr,ox,,,19,O,phenoxy_O,,1.085063,-1.461906,-0.416887
catalysts,Zr-salfan-star-red.out,Zr-salfan-star-red,Zr,red,,,12,O,alkoxide_O,,-0.645253,-2.662591,-1.232152
catalysts,Zr-salfan-star-red.out,Zr-salfan-star-red,Zr,red,,,28,O,alkoxide_O,,0.969904,-0.111693,-2.00862
catalysts,Zr-salfan-star-red.out,Zr-salfan-star-red,Zr,red,,,41,N,donor_N,,-2.032378,-0.019822,-1.179829
catalysts,Zr-salfan-star-red.out,Zr-salfan-star-red,Zr,red,,,42,N,donor_N,,1.540742,0.136286,1.168254
catalysts,Zr-salfan-star-red.out,Zr-salfan-star-red,Zr,red,,,1,C,ferrocene_C,,-2.326898,2.158863,0.124624
catalysts,Zr-salfan-star-red.out,Zr-salfan-star-red,Zr,red,,,2,C,ferrocene_C,,-1.81098,1.383543,-0.967449
catalysts,Zr-salfan-star-red.out,Zr-salfan-star-red,Zr,red,,,3,C,ferrocene_C,,-1.15645,2.278808,-1.87867
catalysts,Zr-salfan-star-red.out,Zr-salfan-star-red,Zr,red,,,4,C,ferrocene_C,,-1.342711,3.611956,-1.390243
catalysts,Zr-salfan-star-red.out,Zr-salfan-star-red,Zr,red,,,5,C,ferrocene_C,,-2.062948,3.536951,-0.154109
catalysts,Zr-salfan-star-red.out,Zr-salfan-star-red,Zr,red,,,7,C,ferrocene_C,,0.530406,2.387163,1.84101
catalysts,Zr-salfan-star-red.out,Zr-salfan-star-red,Zr,red,,,8,C,ferrocene_C,,1.249168,1.517762,0.95392
catalysts,Zr-salfan-star-red.out,Zr-salfan-star-red,Zr,red,,,9,C,ferrocene_C,,1.725272,2.300201,-0.151554
catalysts,Zr-salfan-star-red.out,Zr-salfan-star-red,Zr,red,,,10,C,ferrocene_C,,1.368653,3.662512,0.092963
catalysts,Zr-salfan-star-red.out,Zr-salfan-star-red,Zr,red,,,11,C,ferrocene_C,,0.625981,3.71697,1.31753
catalysts,Zr-salfan-star-red.out,Zr-salfan-star-red,Zr,red,,,6,Fe,ferrocene_Fe,,-0.310509,2.533661,-0.026272
catalysts,Zr-salfan-star-red.out,Zr-salfan-star-red,Zr,red,,,46,Zr,metal_center,,0.137717,-1.026472,-0.466804
catalysts,Zr-salfan-star-red.out,Zr-salfan-star-red,Zr,red,,,14,O,phenoxy_O,,1.805855,-2.241384,-0.006494
catalysts,Zr-salfan-star-red.out,Zr-salfan-star-red,Zr,red,,,21,O,phenoxy_O,,-1.1837,-0.962919,1.191363
catalysts,Zr-salfen-ox.out,Zr-salfen-ox,Zr,ox,,,2,O,alkoxide_O,,-0.808095,0.133477,1.767378
catalysts,Zr-salfen-ox.out,Zr-salfen-ox,Zr,ox,,,28,O,alkoxide_O,,0.807893,0.132922,-1.767403
catalysts,Zr-salfen-ox.out,Zr-salfen-ox,Zr,ox,,,4,N,donor_N,,-1.836461,-0.831786,-0.666507
catalysts,Zr-salfen-ox.out,Zr-salfen-ox,Zr,ox,,,30,N,donor_N,,1.836356,-0.831695,0.666596
catalysts,Zr-salfen-ox.out,Zr-salfen-ox,Zr,ox,,,5,C,ferrocene_C,,-1.561139,-2.184485,-0.872114
catalysts,Zr-salfen-ox.out,Zr-salfen-ox,Zr,ox,,,6,C,ferrocene_C,,-2.07831,-3.299629,-0.131972
catalysts,Zr-salfen-ox.out,Zr-salfen-ox,Zr,ox,,,8,C,ferrocene_C,,-1.52115,-4.492729,-0.686392
catalysts,Zr-salfen-ox.out,Zr-salfen-ox,Zr,ox,,,10,C,ferrocene_C,,-0.643433,-4.12234,-1.753867
catalysts,Zr-salfen-ox.out,Zr-salfen-ox,Zr,ox,,,12,C,ferrocene_C,,-0.625656,-2.694455,-1.846352
catalysts,Zr-salfen-ox.out,Zr-salfen-ox,Zr,ox,,,31,C,ferrocene_C,,1.561065,-2.184422,0.87209
catalysts,Zr-salfen-ox.out,Zr-salfen-ox,Zr,ox,,,32,C,ferrocene_C,,2.078346,-3.299485,0.1319
catalysts,Zr-salfen-ox.out,Zr-salfen-ox,Zr,ox,,,34,C,ferrocene_C,,1.521233,-4.492663,0.686206
catalysts,Zr-salfen-ox.out,Zr-salfen-ox,Zr,ox,,,36,C,ferrocene_C,,0.643429,-4.122402,1.753655
catalysts,Zr-salfen-ox.out,Zr-salfen-ox,Zr,ox,,,38,C,ferrocene_C,,0.625553,-2.69452,1.846229
catalysts,Zr-salfen-ox.out,Zr-salfen-ox,Zr,ox,,,1,Fe,ferrocene_Fe,,1.9e-05,-3.289824,-8.7e-05
catalysts,Zr-salfen-ox.out,Zr-salfen-ox,Zr,ox,,,70,Zr,metal_center,,-6.6e-05,0.522432,-3.8e-05
catalysts,Zr-salfen-ox.out,Zr-salfen-ox,Zr,ox,,,3,O,phenoxy_O,,-1.461265,1.942766,-0.450761
catalysts,Zr-salfen-ox.out,Zr-salfen-ox,Zr,ox,,,29,O,phenoxy_O,,1.46117,1.942801,0.450276
catalysts,Zr-salfen-red.out,Zr-salfen-red,Zr,red,,,2,O,alkoxide_O,,-0.917308,-0.3727,-1.747584
catalysts,Zr-salfen-red.out,Zr-salfen-red,Zr,red,,,28,O,alkoxide_O,,0.917278,-0.371727,1.748383
catalysts,Zr-salfen-red.out,Zr-salfen-red,Zr,red,,,4,N,donor_N,,-1.711773,0.832565,0.715506
catalysts,Zr-salfen-red.out,Zr-salfen-red,Zr,red,,,30,N,donor_N,,1.711428,0.832577,-0.71535
catalysts,Zr-salfen-red.out,Zr-salfen-red,Zr,red,,,5,C,ferrocene_C,,-1.386793,2.175132,0.978279
catalysts,Zr-salfen-red.out,Zr-salfen-red,Zr,red,,,6,C,ferrocene_C,,-1.998309,3.35309,0.417535
catalysts,Zr-salfen-red.out,Zr-salfen-red,Zr,red,,,8,C,ferrocene_C,,-1.343517,4.494807,0.980684
catalysts,Zr-salfen-red.out,Zr-salfen-red,Zr,red,,,10,C,ferrocene_C,,-0.330104,4.029399,1.881319
catalysts,Zr-salfen-red.out,Zr-salfen-red,Zr,red,,,12,C,ferrocene_C,,-0.340726,2.599179,1.871221
catalysts,Zr-salfen-red.out,Zr-salfen-red,Zr,red,,,31,C,ferrocene_C,,1.386187,2.175051,-0.978328
catalysts,Zr-salfen-red.out,Zr-salfen-red,Zr,red,,,32,C,ferrocene_C,,1.997649,3.353197,-0.417923
catalysts,Zr-salfen-red.out,Zr-salfen-red,Zr,red,,,34,C,ferrocene_C,,1.342667,4.494709,-0.981252
catalysts,Zr-salfen-red.out,Zr-salfen-red,Zr,red,,,36,C,ferrocene_C,,0.329167,4.028992,-1.881639
catalysts,Zr-salfen-red.out,Zr-salfen-red,Zr,red,,,38,C,ferrocene_C,,0.339936,2.598786,-1.871218
catalysts,Zr-salfen-red.out,Zr-salfen-red,Zr,red,,,1,Fe,ferrocene_Fe,,-0.000317,3.31453,-6.1e-05
catalysts,Zr-salfen-red.out,Zr-salfen-red,Zr,red,,,66,Zr,metal_center,,-7e-06,-0.668558,0.000476
catalysts,Zr-salfen-red.out,Zr-salfen-red,Zr,red,,,3,O,phenoxy_O,,-1.48397,-1.983096,0.610459
catalysts,Zr-salfen-red.out,Zr-salfen-red,Zr,red,,,29,O,phenoxy_O,,1.48417,-1.983067,-0.608951
catalysts,Zr-thiolfan-ox.out,Zr-thiolfan-ox,Zr,ox,,,12,O,alkoxide_O,,-1.090549,3.456023,1.217054
catalysts,Zr-thiolfan-ox.out,Zr-thiolfan-ox,Zr,ox,,,30,O,alkoxide_O,,0.010753,2.142935,-1.370003
catalysts,Zr-thiolfan-ox.out,Zr-thiolfan-ox,Zr,ox,,,71,S,donor_S,,1.957699,1.91752,1.114399
catalysts,Zr-thiolfan-ox.out,Zr-thiolfan-ox,Zr,ox,,,72,S,donor_S,,-0.527992,-0.975529,-0.727119
catalysts,Zr-thiolfan-ox.out,Zr-thiolfan-ox,Zr,ox,,,1,C,ferrocene_C,,4.04152,0.193415,0.179474
catalysts,Zr-thiolfan-ox.out,Zr-thiolfan-ox,Zr,ox,,,2,C,ferrocene_C,,3.052763,1.205791,-0.044017
catalysts,Zr-thiolfan-ox.out,Zr-thiolfan-ox,Zr,ox,,,3,C,ferrocene_C,,3.156682,1.644828,-1.405889
catalysts,Zr-thiolfan-ox.out,Zr-thiolfan-ox,Zr,ox,,,4,C,ferrocene_C,,4.269096,0.964407,-1.996336
catalysts,Zr-thiolfan-ox.out,Zr-thiolfan-ox,Zr,ox,,,5,C,ferrocene_C,,4.811446,0.067197,-1.02142
catalysts,Zr-thiolfan-ox.out,Zr-thiolfan-ox,Zr,ox,,,7,C,ferrocene_C,,1.980873,-2.200251,-0.980036
catalysts,Zr-thiolfan-ox.out,Zr-thiolfan-ox,Zr,ox,,,8,C,ferrocene_C,,0.975923,-1.331458,-1.531178
catalysts,Zr-thiolfan-ox.out,Zr-thiolfan-ox,Zr,ox,,,9,C,ferrocene_C,,1.423597,-0.877679,-2.814279
catalysts,Zr-thiolfan-ox.out,Zr-thiolfan-ox,Zr,ox,,,10,C,ferrocene_C,,2.662071,-1.538357,-3.09704
catalysts,Zr-thiolfan-ox.out,Zr-thiolfan-ox,Zr,ox,,,11,C,ferrocene_C,,3.00452,-2.353184,-1.969394
catalysts,Zr-thiolfan-ox.out,Zr-thiolfan-ox,Zr,ox,,,6,Fe,ferrocene_Fe,,2.867345,-0.398473,-1.415604
catalysts,Zr-thiolfan-ox.out,Zr-thiolfan-ox,Zr,ox,,,70,Zr,metal_center,,-0.794931,1.736961,0.414415
catalysts,Zr-thiolfan-ox.out,Zr-thiolfan-ox,Zr,ox,,,14,O,phenoxy_O,,-2.658399,1.174671,-0.18402
catalysts,Zr-thiolfan-ox.out,Zr-thiolfan-ox,Zr,ox,,,22,O,phenoxy_O,,-0.550832,0.480079,2.039235
catalysts,Zr-thiolfan-red.out,Zr-thiolfan-red,Zr,red,,,12,O,alkoxide_O,,1.00984,-0.484079,3.502133
catalysts,Zr-thiolfan-red.out,Zr-thiolfan-red,Zr,red,,,30,O,alkoxide_O,,-0.245787,-2.576991,1.883951
catalysts,Zr-thiolfan-red.out,Zr-thiolfan-red,Zr,red,,,71,S,donor_S,,0.229636,-0.881247,-1.293678
catalysts,Zr-thiolfan-red.out,Zr-thiolfan-red,Zr,red,,,72,S,donor_S,,-1.891233,0.143468,1.84804
catalysts,Zr-thiolfan-red.out,Zr-thiolfan-red,Zr,red,,,1,C,ferrocene_C,,-2.531281,1.053196,-0.820138
catalysts,Zr-thiolfan-red.out,Zr-thiolfan-red,Zr,red,,,2,C,ferrocene_C,,-2.875309,0.361941,0.398824
catalysts,Zr-thiolfan-red.out,Zr-thiolfan-red,Zr,red,,,3,C,ferrocene_C,,-4.220807,-0.138744,0.263888
catalysts,Zr-thiolfan-red.out,Zr-thiolfan-red,Zr,red,,,4,C,ferrocene_C,,-4.701163,0.245162,-1.026541
catalysts,Zr-thiolfan-red.out,Zr-thiolfan-red,Zr,red,,,5,C,ferrocene_C,,-3.665862,0.985058,-1.686076
catalysts,Zr-thiolfan-red.out,Zr-thiolfan-red,Zr,red,,,7,C,ferrocene_C,,-2.054364,-1.57925,-2.8343
catalysts,Zr-thiolfan-red.out,Zr-thiolfan-red,Zr,red,,,8,C,ferrocene_C,,-1.256335,-1.758852,-1.644701
catalysts,Zr-thiolfan-red.out,Zr-thiolfan-red,Zr,red,,,9,C,ferrocene_C,,-1.994646,-2.59474,-0.732701
catalysts,Zr-thiolfan-red.out,Zr-thiolfan-red,Zr,red,,,10,C,ferrocene_C,,-3.239233,-2.917378,-1.352533
catalysts,Zr-thiolfan-red.out,Zr-thiolfan-red,Zr,red,,,11,C,ferrocene_C,,-3.278282,-2.295835,-2.644442
catalysts,Zr-thiolfan-red.out,Zr-thiolfan-red,Zr,red,,,6,Fe,ferrocene_Fe,,-2.997107,-0.880672,-1.189202
catalysts,Zr-thiolfan-red.out,Zr-thiolfan-red,Zr,red,,,70,Zr,metal_center,,0.729517,-0.860275,1.58279
catalysts,Zr-thiolfan-red.out,Zr-thiolfan-red,Zr,red,,,14,O,phenoxy_O,,2.501827,-1.497521,0.823707
catalysts,Zr-thiolfan-red.out,Zr-thiolfan-red,Zr,red,,,22,O,phenoxy_O,,0.990099,1.138303,1.124457
catalysts,Zr-thiolfan-star-ox.out,Zr-thiolfan-star-ox,Zr,ox,,,12,O,alkoxide_O,,-0.518621,-2.762531,2.574734
catalysts,Zr-thiolfan-star-ox.out,Zr-thiolfan-star-ox,Zr,ox,,,28,O,alkoxide_O,,-0.563126,0.239589,2.57711
catalysts,Zr-thiolfan-star-ox.out,Zr-thiolfan-star-ox,Zr,ox,,,41,S,donor_S,,2.140149,-0.505659,1.100571
catalysts,Zr-thiolfan-star-ox.out,Zr-thiolfan-star-ox,Zr,ox,,,42,S,donor_S,,-0.752046,0.35285,-1.028848
catalysts,Zr-thiolfan-star-ox.out,Zr-thiolfan-star-ox,Zr,ox,,,1,C,ferrocene_C,,2.917446,1.790413,-0.461487
catalysts,Zr-thiolfan-star-ox.out,Zr-thiolfan-star-ox,Zr,ox,,,2,C,ferrocene_C,,2.455773,1.19607,0.760663
catalysts,Zr-thiolfan-star-ox.out,Zr-thiolfan-star-ox,Zr,ox,,,3,C,ferrocene_C,,2.380993,2.220635,1.76495
catalysts,Zr-thiolfan-star-ox.out,Zr-thiolfan-star-ox,Zr,ox,,,4,C,ferrocene_C,,2.845868,3.437885,1.173821
catalysts,Zr-thiolfan-star-ox.out,Zr-thiolfan-star-ox,Zr,ox,,,5,C,ferrocene_C,,3.177505,3.172583,-0.192716
catalysts,Zr-thiolfan-star-ox.out,Zr-thiolfan-star-ox,Zr,ox,,,7,C,ferrocene_C,,0.026914,3.035729,-1.493496
catalysts,Zr-thiolfan-star-ox.out,Zr-thiolfan-star-ox,Zr,ox,,,8,C,ferrocene_C,,-0.525838,2.053677,-0.602087
catalysts,Zr-thiolfan-star-ox.out,Zr-thiolfan-star-ox,Zr,ox,,,9,C,ferrocene_C,,-0.764348,2.678477,0.674036
catalysts,Zr-thiolfan-star-ox.out,Zr-thiolfan-star-ox,Zr,ox,,,10,C,ferrocene_C,,-0.348635,4.039279,0.562076
catalysts,Zr-thiolfan-star-ox.out,Zr-thiolfan-star-ox,Zr,ox,,,11,C,ferrocene_C,,0.138027,4.257696,-0.767089
catalysts,Zr-thiolfan-star-ox.out,Zr-thiolfan-star-ox,Zr,ox,,,6,Fe,ferrocene_Fe,,1.211696,2.741218,0.160397
catalysts,Zr-thiolfan-star-ox.out,Zr-thiolfan-star-ox,Zr,ox,,,66,Zr,metal_center,,-0.576558,-1.292868,1.342559
catalysts,Zr-thiolfan-star-ox.out,Zr-thiolfan-star-ox,Zr,ox,,,14,O,phenoxy_O,,-2.517846,-1.296618,0.669157
catalysts,Zr-thiolfan-star-ox.out,Zr-thiolfan-star-ox,Zr,ox,,,21,O,phenoxy_O,,0.403438,-2.388664,-0.207094
catalysts,Zr-thiolfan-star-red.out,Zr-thiolfan-star-red,Zr,red,,,12,O,alkoxide_O,,-0.351708,-2.748746,2.634616
catalysts,Zr-thiolfan-star-red.out,Zr-thiolfan-star-red,Zr,red,,,28,O,alkoxide_O,,-0.52223,0.259738,2.742391
catalysts,Zr-thiolfan-star-red.out,Zr-thiolfan-star-red,Zr,red,,,41,S,donor_S,,2.139388,-0.448139,1.130743
catalysts,Zr-thiolfan-star-red.out,Zr-thiolfan-star-red,Zr,red,,,42,S,donor_S,,-0.795377,0.361392,-0.953894
catalysts,Zr-thiolfan-star-red.out,Zr-thiolfan-star-red,Zr,red,,,1,C,ferrocene_C,,2.774145,1.723274,-0.669633
catalysts,Zr-thiolfan-star-red.out,Zr-thiolfan-star-red,Zr,red,,,2,C,ferrocene_C,,2.404549,1.237783,0.632476
catalysts,Zr-thiolfan-star-red.out,Zr-thiolfan-star-red,Zr,red,,,3,C,ferrocene_C,,2.492946,2.329051,1.560876
catalysts,Zr-thiolfan-star-red.out,Zr-thiolfan-star-red,Zr,red,,,4,C,ferrocene_C,,2.937692,3.482121,0.838716
catalysts,Zr-thiolfan-star-red.out,Zr-thiolfan-star-red,Zr,red,,,5,C,ferrocene_C,,3.116793,3.108294,-0.532617
catalysts,Zr-thiolfan-star-red.out,Zr-thiolfan-star-red,Zr,red,,,7,C,ferrocene_C,,-0.098937,3.052866,-1.493119
catalysts,Zr-thiolfan-star-red.out,Zr-thiolfan-star-red,Zr,red,,,8,C,ferrocene_C,,-0.58518,2.068227,-0.562891
catalysts,Zr-thiolfan-star-red.out,Zr-thiolfan-star-red,Zr,red,,,9,C,ferrocene_C,,-0.724514,2.689071,0.726462
catalysts,Zr-thiolfan-star-red.out,Zr-thiolfan-star-red,Zr,red,,,10,C,ferrocene_C,,-0.320645,4.052776,0.588605
catalysts,Zr-thiolfan-star-red.out,Zr-thiolfan-star-red,Zr,red,,,11,C,ferrocene_C,,0.065877,4.277557,-0.774497
catalysts,Zr-thiolfan-star-red.out,Zr-thiolfan-star-red,Zr,red,,,6,Fe,ferrocene_Fe,,1.196113,2.781551,0.045204
catalysts,Zr-thiolfan-star-red.out,Zr-thiolfan-star-red,Zr,red,,,66,Zr,metal_center,,-0.554458,-1.220163,1.421237
catalysts,Zr-thiolfan-star-red.out,Zr-thiolfan-star-red,Zr,red,,,14,O,phenoxy_O,,-2.512255,-1.266813,0.832897
catalysts,Zr-thiolfan-star-red.out,Zr-thiolfan-star-red,Zr,red,,,21,O,phenoxy_O,,0.321685,-2.356044,-0.114785
