dataset_group,file_name,structure_name,metal_guess,redox_state_guess,monomer_guess,ts_label_guess,atom_index,element,atom_role,notes
ground_states,Al-thiolfan-star-ox-CL.out,Al-thiolfan-star-ox-CL,Al,ox,CL,,1,C,ferrocene_C,
ground_states,Al-thiolfan-star-ox-CL.out,Al-thiolfan-star-ox-CL,Al,ox,CL,,2,C,ferrocene_C,
ground_states,Al-thiolfan-star-ox-CL.out,Al-thiolfan-star-ox-CL,Al,ox,CL,,3,C,ferrocene_C,
ground_states,Al-thiolfan-star-ox-CL.out,Al-thiolfan-star-ox-CL,Al,ox,CL,,4,C,ferrocene_C,
ground_states,Al-thiolfan-star-ox-CL.out,Al-thiolfan-star-ox-CL,Al,ox,CL,,5,C,ferrocene_C,
ground_states,Al-thiolfan-star-ox-CL.out,Al-thiolfan-star-ox-CL,Al,ox,CL,,6,Fe,ferrocene_Fe,
ground_states,Al-thiolfan-star-ox-CL.out,Al-thiolfan-star-ox-CL,Al,ox,CL,,7,C,ferrocene_C,
ground_states,Al-thiolfan-star-ox-CL.out,Al-thiolfan-star-ox-CL,Al,ox,CL,,8,C,ferrocene_C,
ground_states,Al-thiolfan-star-ox-CL.out,Al-thiolfan-star-ox-CL,Al,ox,CL,,9,C,ferrocene_C,
ground_states,Al-thiolfan-star-ox-CL.out,Al-thiolfan-star-ox-CL,Al,ox,CL,,10,C,ferrocene_C,
ground_states,Al-thiolfan-star-ox-CL.out,Al-thiolfan-star-ox-CL,Al,ox,CL,,11,C,ferrocene_C,
ground_states,Al-thiolfan-star-ox-CL.out,Al-thiolfan-star-ox-CL,Al,ox,CL,,12,O,phenoxy_O,
ground_states,Al-thiolfan-star-ox-CL.out,Al-thiolfan-star-ox-CL,Al,ox,CL,,13,C,,
ground_states,Al-thiolfan-star-ox-CL.out,Al-thiolfan-star-ox-CL,Al,ox,CL,,14,C,,
ground_states,Al-thiolfan-star-ox-CL.out,Al-thiolfan-star-ox-CL,Al,ox,CL,,15,C,,
ground_states,Al-thiolfan-star-ox-CL.out,Al-thiolfan-star-ox-CL,Al,ox,CL,,16,C,,
ground_states,Al-thiolfan-star-ox-CL.out,Al-thiolfan-star-ox-CL,Al,ox,CL,,17,C,,
ground_states,Al-thiolfan-star-ox-CL.out,Al-thiolfan-star-ox-CL,Al,ox,CL,,18,C,,
ground_states,Al-thiolfan-star-ox-CL.out,Al-thiolfan-star-ox-CL,Al,ox,CL,,19,O,phenoxy_O,
ground_states,Al-thiolfan-star-ox-CL.out,Al-thiolfan-star-ox-CL,Al,ox,CL,,20,C,,
ground_states,Al-thiolfan-star-ox-CL.out,Al-thiolfan-star-ox-CL,Al,ox,CL,,21,C,,
ground_states,Al-thiolfan-star-ox-CL.out,Al-thiolfan-star-ox-CL,Al,ox,CL,,22,C,,
ground_states,Al-thiolfan-star-ox-CL.out,Al-thiolfan-star-ox-CL,Al,ox,CL,,23,C,,
ground_states,Al-thiolfan-star-ox-CL.out,Al-thiolfan-star-ox-CL,Al,ox,CL,,24,C,,
ground_states,Al-thiolfan-star-ox-CL.out,Al-thiolfan-star-ox-CL,Al,ox,CL,,25,C,,
ground_states,Al-thiolfan-star-ox-CL.out,Al-thiolfan-star-ox-CL,Al,ox,CL,,26,O,alkoxide_O,
ground_states,Al-thiolfan-star-ox-CL.out,Al-thiolfan-star-ox-CL,Al,ox,CL,,27,C,,
ground_states,Al-thiolfan-star-ox-CL.out,Al-thiolfan-star-ox-CL,Al,ox,CL,,28,H,,
ground_states,Al-thiolfan-star-ox-CL.out,Al-thiolfan-star-ox-CL,Al,ox,CL,,29,H,,
ground_states,Al-thiolfan-star-ox-CL.out,Al-thiolfan-star-ox-CL,Al,ox,CL,,30,H,,
ground_states,Al-thiolfan-star-ox-CL.out,Al-thiolfan-star-ox-CL,Al,ox,CL,,31,H,,
ground_states,Al-thiolfan-star-ox-CL.out,Al-thiolfan-star-ox-CL,Al,ox,CL,,32,H,,
ground_states,Al-thiolfan-star-ox-CL.out,Al-thiolfan-star-ox-CL,Al,ox,CL,,33,H,,
ground_states,Al-thiolfan-star-ox-CL.out,Al-thiolfan-star-ox-CL,Al,ox,CL,,34,H,,
ground_states,Al-thiolfan-star-ox-CL.out,Al-thiolfan-star-ox-CL,Al,ox,CL,,35,H,,
ground_states,Al-thiolfan-star-ox-CL.out,Al-thiolfan-star-ox-CL,Al,ox,CL,,36,H,,
ground_states,Al-thiolfan-star-ox-CL.out,Al-thiolfan-star-ox-CL,Al,ox,CL,,37,H,,
ground_states,Al-thiolfan-star-ox-CL.out,Al-thiolfan-star-ox-CL,Al,ox,CL,,38,H,,
ground_states,Al-thiolfan-star-ox-CL.out,Al-thiolfan-star-ox-CL,Al,ox,CL,,39,S,donor_S,
ground_states,Al-thiolfan-star-ox-CL.out,Al-thiolfan-star-ox-CL,Al,ox,CL,,40,S,donor_S,
ground_states,Al-thiolfan-star-ox-CL.out,Al-thiolfan-star-ox-CL,Al,ox,CL,,41,H,,
ground_states,Al-thiolfan-star-ox-CL.out,Al-thiolfan-star-ox-CL,Al,ox,CL,,42,H,,
ground_states,Al-thiolfan-star-ox-CL.out,Al-thiolfan-star-ox-CL,Al,ox,CL,,43,H,,
ground_states,Al-thiolfan-star-ox-CL.out,Al-thiolfan-star-ox-CL,Al,ox,CL,,44,C,,
ground_states,Al-thiolfan-star-ox-CL.out,Al-thiolfan-star-ox-CL,Al,ox,CL,,45,H,,
ground_states,Al-thiolfan-star-ox-CL.out,Al-thiolfan-star-ox-CL,Al,ox,CL,,46,H,,
ground_states,Al-thiolfan-star-ox-CL.out,Al-thiolfan-star-ox-CL,Al,ox,CL,,47,H,,
ground_states,Al-thiolfan-star-ox-CL.out,Al-thiolfan-star-ox-CL,Al,ox,CL,,48,C,,
ground_states,Al-thiolfan-star-ox-CL.out,Al-thiolfan-star-ox-CL,Al,ox,CL,,49,H,,
ground_states,Al-thiolfan-star-ox-CL.out,Al-thiolfan-star-ox-CL,Al,ox,CL,,50,H,,
ground_states,Al-thiolfan-star-ox-CL.out,Al-thiolfan-star-ox-CL,Al,ox,CL,,51,H,,
ground_states,Al-thiolfan-star-ox-CL.out,Al-thiolfan-star-ox-CL,Al,ox,CL,,52,C,,
ground_states,Al-thiolfan-star-ox-CL.out,Al-thiolfan-star-ox-CL,Al,ox,CL,,53,H,,
ground_states,Al-thiolfan-star-ox-CL.out,Al-thiolfan-star-ox-CL,Al,ox,CL,,54,H,,
ground_states,Al-thiolfan-star-ox-CL.out,Al-thiolfan-star-ox-CL,Al,ox,CL,,55,H,,
ground_states,Al-thiolfan-star-ox-CL.out,Al-thiolfan-star-ox-CL,Al,ox,CL,,56,Al,metal_center,
ground_states,Al-thiolfan-star-ox-CL.out,Al-thiolfan-star-ox-CL,Al,ox,CL,,57,C,monomer_C,
ground_states,Al-thiolfan-star-ox-CL.out,Al-thiolfan-star-ox-CL,Al,ox,CL,,58,C,monomer_C,
ground_states,Al-thiolfan-star-ox-CL.out,Al-thiolfan-star-ox-CL,Al,ox,CL,,59,C,monomer_C,
ground_states,Al-thiolfan-star-ox-CL.out,Al-thiolfan-star-ox-CL,Al,ox,CL,,60,C,monomer_C,
ground_states,Al-thiolfan-star-ox-CL.out,Al-thiolfan-star-ox-CL,Al,ox,CL,,61,C,monomer_C,
ground_states,Al-thiolfan-star-ox-CL.out,Al-thiolfan-star-ox-CL,Al,ox,CL,,62,H,,
ground_states,Al-thiolfan-star-ox-CL.out,Al-thiolfan-star-ox-CL,Al,ox,CL,,63,H,,
ground_states,Al-thiolfan-star-ox-CL.out,Al-thiolfan-star-ox-CL,Al,ox,CL,,64,H,,
ground_states,Al-thiolfan-star-ox-CL.out,Al-thiolfan-star-ox-CL,Al,ox,CL,,65,H,,
ground_states,Al-thiolfan-star-ox-CL.out,Al-thiolfan-star-ox-CL,Al,ox,CL,,66,H,,
ground_states,Al-thiolfan-star-ox-CL.out,Al-thiolfan-star-ox-CL,Al,ox,CL,,67,H,,
ground_states,Al-thiolfan-star-ox-CL.out,Al-thiolfan-star-ox-CL,Al,ox,CL,,68,H,,
ground_states,Al-thiolfan-star-ox-CL.out,Al-thiolfan-star-ox-CL,Al,ox,CL,,69,H,,
ground_states,Al-thiolfan-star-ox-CL.out,Al-thiolfan-star-ox-CL,Al,ox,CL,,70,H,,
ground_states,Al-thiolfan-star-ox-CL.out,Al-thiolfan-star-ox-CL,Al,ox,CL,,71,H,,
ground_states,Al-thiolfan-star-ox-CL.out,Al-thiolfan-star-ox-CL,Al,ox,CL,,72,C,monomer_C,
ground_states,Al-thiolfan-star-ox-CL.out,Al-thiolfan-star-ox-CL,Al,ox,CL,,73,O,monomer_O,
ground_states,Al-thiolfan-star-ox-CL.out,Al-thiolfan-star-ox-CL,Al,ox,CL,,74,O,monomer_O,
ground_states,Al-thiolfan-star-ox-CL.out,Al-thiolfan-star-ox-CL,Al,ox,CL,,75,C,,
ground_states,Al-thiolfan-star-ox-CL.out,Al-thiolfan-star-ox-CL,Al,ox,CL,,76,H,,
ground_states,Al-thiolfan-star-ox-CL.out,Al-thiolfan-star-ox-CL,Al,ox,CL,,77,H,,
ground_states,Al-thiolfan-star-ox-CL.out,Al-thiolfan-star-ox-CL,Al,ox,CL,,78,H,,
ground_states,Al-thiolfan-star-ox-CL.out,Al-thiolfan-star-ox-CL,Al,ox,CL,,79,H,,
ground_states,Al-thiolfan-star-red-CL.out,Al-thiolfan-star-red-CL,Al,red,CL,,1,C,ferrocene_C,
ground_states,Al-thiolfan-star-red-CL.out,Al-thiolfan-star-red-CL,Al,red,CL,,2,C,ferrocene_C,
ground_states,Al-thiolfan-star-red-CL.out,Al-thiolfan-star-red-CL,Al,red,CL,,3,C,ferrocene_C,
ground_states,Al-thiolfan-star-red-CL.out,Al-thiolfan-star-red-CL,Al,red,CL,,4,C,ferrocene_C,
ground_states,Al-thiolfan-star-red-CL.out,Al-thiolfan-star-red-CL,Al,red,CL,,5,C,ferrocene_C,
ground_states,Al-thiolfan-star-red-CL.out,Al-thiolfan-star-red-CL,Al,red,CL,,6,Fe,ferrocene_Fe,
ground_states,Al-thiolfan-star-red-CL.out,Al-thiolfan-star-red-CL,Al,red,CL,,7,C,ferrocene_C,
ground_states,Al-thiolfan-star-red-CL.out,Al-thiolfan-star-red-CL,Al,red,CL,,8,C,ferrocene_C,
ground_states,Al-thiolfan-star-red-CL.out,Al-thiolfan-star-red-CL,Al,red,CL,,9,C,ferrocene_C,
ground_states,Al-thiolfan-star-red-CL.out,Al-thiolfan-star-red-CL,Al,red,CL,,10,C,ferrocene_C,
ground_states,Al-thiolfan-star-red-CL.out,Al-thiolfan-star-red-CL,Al,red,CL,,11,C,ferrocene_C,
ground_states,Al-thiolfan-star-red-CL.out,Al-thiolfan-star-red-CL,Al,red,CL,,12,O,alkoxide_O,
ground_states,Al-thiolfan-star-red-CL.out,Al-thiolfan-star-red-CL,Al,red,CL,,13,C,,
ground_states,Al-thiolfan-star-red-CL.out,Al-thiolfan-star-red-CL,Al,red,CL,,14,O,phenoxy_O,
ground_states,Al-thiolfan-star-red-CL.out,Al-thiolfan-star-red-CL,Al,red,CL,,15,C,,
ground_states,Al-thiolfan-star-red-CL.out,Al-thiolfan-star-red-CL,Al,red,CL,,16,C,,
ground_states,Al-thiolfan-star-red-CL.out,Al-thiolfan-star-red-CL,Al,red,CL,,17,C,,
ground_states,Al-thiolfan-star-red-CL.out,Al-thiolfan-star-red-CL,Al,red,CL,,18,C,,
ground_states,Al-thiolfan-star-red-CL.out,Al-thiolfan-star-red-CL,Al,red,CL,,19,C,,
ground_states,Al-thiolfan-star-red-CL.out,Al-thiolfan-star-red-CL,Al,red,CL,,20,C,,
ground_states,Al-thiolfan-star-red-CL.out,Al-thiolfan-star-red-CL,Al,red,CL,,21,O,phenoxy_O,
ground_states,Al-thiolfan-star-red-CL.out,Al-thiolfan-star-red-CL,Al,red,CL,,22,C,,
ground_states,Al-thiolfan-star-red-CL.out,Al-thiolfan-star-red-CL,Al,red,CL,,23,C,,
ground_states,Al-thiolfan-star-red-CL.out,Al-thiolfan-star-red-CL,Al,red,CL,,24,C,,
ground_states,Al-thiolfan-star-red-CL.out,Al-thiolfan-star-red-CL,Al,red,CL,,25,C,,
ground_states,Al-thiolfan-star-red-CL.out,Al-thiolfan-star-red-CL,Al,red,CL,,26,C,,
ground_states,Al-thiolfan-star-red-CL.out,Al-thiolfan-star-red-CL,Al,red,CL,,27,C,,
ground_states,Al-thiolfan-star-red-CL.out,Al-thiolfan-star-red-CL,Al,red,CL,,28,H,,
ground_states,Al-thiolfan-star-red-CL.out,Al-thiolfan-star-red-CL,Al,red,CL,,29,H,,
ground_states,Al-thiolfan-star-red-CL.out,Al-thiolfan-star-red-CL,Al,red,CL,,30,H,,
ground_states,Al-thiolfan-star-red-CL.out,Al-thiolfan-star-red-CL,Al,red,CL,,31,H,,
ground_states,Al-thiolfan-star-red-CL.out,Al-thiolfan-star-red-CL,Al,red,CL,,32,H,,
ground_states,Al-thiolfan-star-red-CL.out,Al-thiolfan-star-red-CL,Al,red,CL,,33,H,,
ground_states,Al-thiolfan-star-red-CL.out,Al-thiolfan-star-red-CL,Al,red,CL,,34,H,,
ground_states,Al-thiolfan-star-red-CL.out,Al-thiolfan-star-red-CL,Al,red,CL,,35,H,,
ground_states,Al-thiolfan-star-red-CL.out,Al-thiolfan-star-red-CL,Al,red,CL,,36,H,,
ground_states,Al-thiolfan-star-red-CL.out,Al-thiolfan-star-red-CL,Al,red,CL,,37,H,,
ground_states,Al-thiolfan-star-red-CL.out,Al-thiolfan-star-red-CL,Al,red,CL,,38,H,,
ground_states,Al-thiolfan-star-red-CL.out,Al-thiolfan-star-red-CL,Al,red,CL,,39,S,donor_S,
ground_states,Al-thiolfan-star-red-CL.out,Al-thiolfan-star-red-CL,Al,red,CL,,40,S,donor_S,
ground_states,Al-thiolfan-star-red-CL.out,Al-thiolfan-star-red-CL,Al,red,CL,,41,H,,
ground_states,Al-thiolfan-star-red-CL.out,Al-thiolfan-star-red-CL,Al,red,CL,,42,H,,
ground_states,Al-thiolfan-star-red-CL.out,Al-thiolfan-star-red-CL,Al,red,CL,,43,C,,
ground_states,Al-thiolfan-star-red-CL.out,Al-thiolfan-star-red-CL,Al,red,CL,,44,H,,
ground_states,Al-thiolfan-star-red-CL.out,Al-thiolfan-star-red-CL,Al,red,CL,,45,H,,
ground_states,Al-thiolfan-star-red-CL.out,Al-thiolfan-star-red-CL,Al,red,CL,,46,H,,
ground_states,Al-thiolfan-star-red-CL.out,Al-thiolfan-star-red-CL,Al,red,CL,,47,C,,
ground_states,Al-thiolfan-star-red-CL.out,Al-thiolfan-star-red-CL,Al,red,CL,,48,H,,
ground_states,Al-thiolfan-star-red-CL.out,Al-thiolfan-star-red-CL,Al,red,CL,,49,H,,
ground_states,Al-thiolfan-star-red-CL.out,Al-thiolfan-star-red-CL,Al,red,CL,,50,H,,
ground_states,Al-thiolfan-star-red-CL.out,Al-thiolfan-star-red-CL,Al,red,CL,,51,C,,
ground_states,Al-thiolfan-star-red-CL.out,Al-thiolfan-star-red-CL,Al,red,CL,,52,H,,
ground_states,Al-thiolfan-star-red-CL.out,Al-thiolfan-star-red-CL,Al,red,CL,,53,H,,
ground_states,Al-thiolfan-star-red-CL.out,Al-thiolfan-star-red-CL,Al,red,CL,,54,H,,
ground_states,Al-thiolfan-star-red-CL.out,Al-thiolfan-star-red-CL,Al,red,CL,,55,Al,metal_center,
ground_states,Al-thiolfan-star-red-CL.out,Al-thiolfan-star-red-CL,Al,red,CL,,56,H,,
ground_states,Al-thiolfan-star-red-CL.out,Al-thiolfan-star-red-CL,Al,red,CL,,57,C,monomer_C,
ground_states,Al-thiolfan-star-red-CL.out,Al-thiolfan-star-red-CL,Al,red,CL,,58,C,monomer_C,
ground_states,Al-thiolfan-star-red-CL.out,Al-thiolfan-star-red-CL,Al,red,CL,,59,C,monomer_C,
ground_states,Al-thiolfan-star-red-CL.out,Al-thiolfan-star-red-CL,Al,red,CL,,60,C,monomer_C,
ground_states,Al-thiolfan-star-red-CL.out,Al-thiolfan-star-red-CL,Al,red,CL,,61,C,monomer_C,
ground_states,Al-thiolfan-star-red-CL.out,Al-thiolfan-star-red-CL,Al,red,CL,,62,H,,
ground_states,Al-thiolfan-star-red-CL.out,Al-thiolfan-star-red-CL,Al,red,CL,,63,H,,
ground_states,Al-thiolfan-star-red-CL.out,Al-thiolfan-star-red-CL,Al,red,CL,,64,H,,
ground_states,Al-thiolfan-star-red-CL.out,Al-thiolfan-star-red-CL,Al,red,CL,,65,H,,
ground_states,Al-thiolfan-star-red-CL.out,Al-thiolfan-star-red-CL,Al,red,CL,,66,H,,
ground_states,Al-thiolfan-star-red-CL.out,Al-thiolfan-star-red-CL,Al,red,CL,,67,H,,
ground_states,Al-thiolfan-star-red-CL.out,Al-thiolfan-star-red-CL,Al,red,CL,,68,H,,
ground_states,Al-thiolfan-star-red-CL.out,Al-thiolfan-star-red-CL,Al,red,CL,,69,H,,
ground_states,Al-thiolfan-star-red-CL.out,Al-thiolfan-star-red-CL,Al,red,CL,,70,H,,
ground_states,Al-thiolfan-star-red-CL.out,Al-thiolfan-star-red-CL,Al,red,CL,,71,H,,
ground_states,Al-thiolfan-star-red-CL.out,Al-thiolfan-star-red-CL,Al,red,CL,,72,C,monomer_C,
ground_states,Al-thiolfan-star-red-CL.out,Al-thiolfan-star-red-CL,Al,red,CL,,73,O,monomer_O,
ground_states,Al-thiolfan-star-red-CL.out,Al-thiolfan-star-red-CL,Al,red,CL,,74,O,monomer_O,
ground_states,Al-thiolfan-star-red-CL.out,Al-thiolfan-star-red-CL,Al,red,CL,,75,H,,
ground_states,Al-thiolfan-star-red-CL.out,Al-thiolfan-star-red-CL,Al,red,CL,,76,C,,
ground_states,Al-thiolfan-star-red-CL.out,Al-thiolfan-star-red-CL,Al,red,CL,,77,H,,
ground_states,Al-thiolfan-star-red-CL.out,Al-thiolfan-star-red-CL,Al,red,CL,,78,H,,
ground_states,Al-thiolfan-star-red-CL.out,Al-thiolfan-star-red-CL,Al,red,CL,,79,H,,
ground_states,Ti-salfan-H2-ox-CL.out,Ti-salfan-H2-ox-CL,Ti,ox,CL,,1,C,ferrocene_C,
ground_states,Ti-salfan-H2-ox-CL.out,Ti-salfan-H2-ox-CL,Ti,ox,CL,,2,C,ferrocene_C,
ground_states,Ti-salfan-H2-ox-CL.out,Ti-salfan-H2-ox-CL,Ti,ox,CL,,3,C,ferrocene_C,
ground_states,Ti-salfan-H2-ox-CL.out,Ti-salfan-H2-ox-CL,Ti,ox,CL,,4,C,ferrocene_C,
ground_states,Ti-salfan-H2-ox-CL.out,Ti-salfan-H2-ox-CL,Ti,ox,CL,,5,C,ferrocene_C,
ground_states,Ti-salfan-H2-ox-CL.out,Ti-salfan-H2-ox-CL,Ti,ox,CL,,6,Fe,ferrocene_Fe,
ground_states,Ti-salfan-H2-ox-CL.out,Ti-salfan-H2-ox-CL,Ti,ox,CL,,7,C,ferrocene_C,
ground_states,Ti-salfan-H2-ox-CL.out,Ti-salfan-H2-ox-CL,Ti,ox,CL,,8,C,ferrocene_C,
ground_states,Ti-salfan-H2-ox-CL.out,Ti-salfan-H2-ox-CL,Ti,ox,CL,,9,C,ferrocene_C,
ground_states,Ti-salfan-H2-ox-CL.out,Ti-salfan-H2-ox-CL,Ti,ox,CL,,10,C,ferrocene_C,
ground_states,Ti-salfan-H2-ox-CL.out,Ti-salfan-H2-ox-CL,Ti,ox,CL,,11,C,ferrocene_C,
ground_states,Ti-salfan-H2-ox-CL.out,Ti-salfan-H2-ox-CL,Ti,ox,CL,,12,N,donor_N,
ground_states,Ti-salfan-H2-ox-CL.out,Ti-salfan-H2-ox-CL,Ti,ox,CL,,13,N,donor_N,
ground_states,Ti-salfan-H2-ox-CL.out,Ti-salfan-H2-ox-CL,Ti,ox,CL,,14,O,alkoxide_O,
ground_states,Ti-salfan-H2-ox-CL.out,Ti-salfan-H2-ox-CL,Ti,ox,CL,,15,C,,
ground_states,Ti-salfan-H2-ox-CL.out,Ti-salfan-H2-ox-CL,Ti,ox,CL,,16,O,phenoxy_O,
ground_states,Ti-salfan-H2-ox-CL.out,Ti-salfan-H2-ox-CL,Ti,ox,CL,,17,C,,
ground_states,Ti-salfan-H2-ox-CL.out,Ti-salfan-H2-ox-CL,Ti,ox,CL,,18,C,,
ground_states,Ti-salfan-H2-ox-CL.out,Ti-salfan-H2-ox-CL,Ti,ox,CL,,19,C,,
ground_states,Ti-salfan-H2-ox-CL.out,Ti-salfan-H2-ox-CL,Ti,ox,CL,,20,C,,
ground_states,Ti-salfan-H2-ox-CL.out,Ti-salfan-H2-ox-CL,Ti,ox,CL,,21,C,,
ground_states,Ti-salfan-H2-ox-CL.out,Ti-salfan-H2-ox-CL,Ti,ox,CL,,22,C,,
ground_states,Ti-salfan-H2-ox-CL.out,Ti-salfan-H2-ox-CL,Ti,ox,CL,,23,C,,
ground_states,Ti-salfan-H2-ox-CL.out,Ti-salfan-H2-ox-CL,Ti,ox,CL,,24,O,phenoxy_O,
ground_states,Ti-salfan-H2-ox-CL.out,Ti-salfan-H2-ox-CL,Ti,ox,CL,,25,C,,
ground_states,Ti-salfan-H2-ox-CL.out,Ti-salfan-H2-ox-CL,Ti,ox,CL,,26,C,,
ground_states,Ti-salfan-H2-ox-CL.out,Ti-salfan-H2-ox-CL,Ti,ox,CL,,27,C,,
ground_states,Ti-salfan-H2-ox-CL.out,Ti-salfan-H2-ox-CL,Ti,ox,CL,,28,C,,
ground_states,Ti-salfan-H2-ox-CL.out,Ti-salfan-H2-ox-CL,Ti,ox,CL,,29,C,,
ground_states,Ti-salfan-H2-ox-CL.out,Ti-salfan-H2-ox-CL,Ti,ox,CL,,30,C,,
ground_states,Ti-salfan-H2-ox-CL.out,Ti-salfan-H2-ox-CL,Ti,ox,CL,,31,C,,
ground_states,Ti-salfan-H2-ox-CL.out,Ti-salfan-H2-ox-CL,Ti,ox,CL,,32,O,alkoxide_O,
ground_states,Ti-salfan-H2-ox-CL.out,Ti-salfan-H2-ox-CL,Ti,ox,CL,,33,C,,
ground_states,Ti-salfan-H2-ox-CL.out,Ti-salfan-H2-ox-CL,Ti,ox,CL,,34,H,,
ground_states,Ti-salfan-H2-ox-CL.out,Ti-salfan-H2-ox-CL,Ti,ox,CL,,35,H,,
ground_states,Ti-salfan-H2-ox-CL.out,Ti-salfan-H2-ox-CL,Ti,ox,CL,,36,H,,
ground_states,Ti-salfan-H2-ox-CL.out,Ti-salfan-H2-ox-CL,Ti,ox,CL,,37,H,,
ground_states,Ti-salfan-H2-ox-CL.out,Ti-salfan-H2-ox-CL,Ti,ox,CL,,38,H,,
ground_states,Ti-salfan-H2-ox-CL.out,Ti-salfan-H2-ox-CL,Ti,ox,CL,,39,H,,
ground_states,Ti-salfan-H2-ox-CL.out,Ti-salfan-H2-ox-CL,Ti,ox,CL,,40,H,,
ground_states,Ti-salfan-H2-ox-CL.out,Ti-salfan-H2-ox-CL,Ti,ox,CL,,41,H,,
ground_states,Ti-salfan-H2-ox-CL.out,Ti-salfan-H2-ox-CL,Ti,ox,CL,,42,H,,
ground_states,Ti-salfan-H2-ox-CL.out,Ti-salfan-H2-ox-CL,Ti,ox,CL,,43,H,,
ground_states,Ti-salfan-H2-ox-CL.out,Ti-salfan-H2-ox-CL,Ti,ox,CL,,44,H,,
ground_states,Ti-salfan-H2-ox-CL.out,Ti-salfan-H2-ox-CL,Ti,ox,CL,,45,H,,
ground_states,Ti-salfan-H2-ox-CL.out,Ti-salfan-H2-ox-CL,Ti,ox,CL,,46,H,,
ground_states,Ti-salfan-H2-ox-CL.out,Ti-salfan-H2-ox-CL,Ti,ox,CL,,47,H,,
ground_states,Ti-salfan-H2-ox-CL.out,Ti-salfan-H2-ox-CL,Ti,ox,CL,,48,H,,
ground_states,Ti-salfan-H2-ox-CL.out,Ti-salfan-H2-ox-CL,Ti,ox,CL,,49,H,,
ground_states,Ti-salfan-H2-ox-CL.out,Ti-salfan-H2-ox-CL,Ti,ox,CL,,50,H,,
ground_states,Ti-salfan-H2-ox-CL.out,Ti-salfan-H2-ox-CL,Ti,ox,CL,,51,H,,
ground_states,Ti-salfan-H2-ox-CL.out,Ti-salfan-H2-ox-CL,Ti,ox,CL,,52,C,,
ground_states,Ti-salfan-H2-ox-CL.out,Ti-salfan-H2-ox-CL,Ti,ox,CL,,53,H,,
ground_states,Ti-salfan-H2-ox-CL.out,Ti-salfan-H2-ox-CL,Ti,ox,CL,,54,H,,
ground_states,Ti-salfan-H2-ox-CL.out,Ti-salfan-H2-ox-CL,Ti,ox,CL,,55,H,,
ground_states,Ti-salfan-H2-ox-CL.out,Ti-salfan-H2-ox-CL,Ti,ox,CL,,56,C,,
ground_states,Ti-salfan-H2-ox-CL.out,Ti-salfan-H2-ox-CL,Ti,ox,CL,,57,H,,
ground_states,Ti-salfan-H2-ox-CL.out,Ti-salfan-H2-ox-CL,Ti,ox,CL,,58,H,,
ground_states,Ti-salfan-H2-ox-CL.out,Ti-salfan-H2-ox-CL,Ti,ox,CL,,59,H,,
ground_states,Ti-salfan-H2-ox-CL.out,Ti-salfan-H2-ox-CL,Ti,ox,CL,,60,H,,
ground_states,Ti-salfan-H2-ox-CL.out,Ti-salfan-H2-ox-CL,Ti,ox,CL,,61,H,,
ground_states,Ti-salfan-H2-ox-CL.out,Ti-salfan-H2-ox-CL,Ti,ox,CL,,62,H,,
ground_states,Ti-salfan-H2-ox-CL.out,Ti-salfan-H2-ox-CL,Ti,ox,CL,,63,H,,
ground_states,Ti-salfan-H2-ox-CL.out,Ti-salfan-H2-ox-CL,Ti,ox,CL,,64,C,,
ground_states,Ti-salfan-H2-ox-CL.out,Ti-salfan-H2-ox-CL,Ti,ox,CL,,65,H,,
ground_states,Ti-salfan-H2-ox-CL.out,Ti-salfan-H2-ox-CL,Ti,ox,CL,,66,H,,
ground_states,Ti-salfan-H2-ox-CL.out,Ti-salfan-H2-ox-CL,Ti,ox,CL,,67,H,,
ground_states,Ti-salfan-H2-ox-CL.out,Ti-salfan-H2-ox-CL,Ti,ox,CL,,68,C,,
ground_states,Ti-salfan-H2-ox-CL.out,Ti-salfan-H2-ox-CL,Ti,ox,CL,,69,H,,
ground_states,Ti-salfan-H2-ox-CL.out,Ti-salfan-H2-ox-CL,Ti,ox,CL,,70,H,,
ground_states,Ti-salfan-H2-ox-CL.out,Ti-salfan-H2-ox-CL,Ti,ox,CL,,71,H,,
ground_states,Ti-salfan-H2-ox-CL.out,Ti-salfan-H2-ox-CL,Ti,ox,CL,,72,Ti,metal_center,
ground_states,Ti-salfan-H2-ox-CL.out,Ti-salfan-H2-ox-CL,Ti,ox,CL,,73,H,,
ground_states,Ti-salfan-H2-ox-CL.out,Ti-salfan-H2-ox-CL,Ti,ox,CL,,74,H,,
ground_states,Ti-salfan-H2-ox-CL.out,Ti-salfan-H2-ox-CL,Ti,ox,CL,,75,C,monomer_C,
ground_states,Ti-salfan-H2-ox-CL.out,Ti-salfan-H2-ox-CL,Ti,ox,CL,,76,C,monomer_C,
ground_states,Ti-salfan-H2-ox-CL.out,Ti-salfan-H2-ox-CL,Ti,ox,CL,,77,C,monomer_C,
ground_states,Ti-salfan-H2-ox-CL.out,Ti-salfan-H2-ox-CL,Ti,ox,CL,,78,C,monomer_C,
ground_states,Ti-salfan-H2-ox-CL.out,Ti-salfan-H2-ox-CL,Ti,ox,CL,,79,C,monomer_C,
ground_states,Ti-salfan-H2-ox-CL.out,Ti-salfan-H2-ox-CL,Ti,ox,CL,,80,H,,
ground_states,Ti-salfan-H2-ox-CL.out,Ti-salfan-H2-ox-CL,Ti,ox,CL,,81,H,,
ground_states,Ti-salfan-H2-ox-CL.out,Ti-salfan-H2-ox-CL,Ti,ox,CL,,82,H,,
ground_states,Ti-salfan-H2-ox-CL.out,Ti-salfan-H2-ox-CL,Ti,ox,CL,,83,H,,
ground_states,Ti-salfan-H2-ox-CL.out,Ti-salfan-H2-ox-CL,Ti,ox,CL,,84,H,,
ground_states,Ti-salfan-H2-ox-CL.out,Ti-salfan-H2-ox-CL,Ti,ox,CL,,85,H,,
ground_states,Ti-salfan-H2-ox-CL.out,Ti-salfan-H2-ox-CL,Ti,ox,CL,,86,H,,
ground_states,Ti-salfan-H2-ox-CL.out,Ti-salfan-H2-ox-CL,Ti,ox,CL,,87,H,,
ground_states,Ti-salfan-H2-ox-CL.out,Ti-salfan-H2-ox-CL,Ti,ox,CL,,88,H,,
ground_states,Ti-salfan-H2-ox-CL.out,Ti-salfan-H2-ox-CL,Ti,ox,CL,,89,H,,
ground_states,Ti-salfan-H2-ox-CL.out,Ti-salfan-H2-ox-CL,Ti,ox,CL,,90,C,monomer_C,
ground_states,Ti-salfan-H2-ox-CL.out,Ti-salfan-H2-ox-CL,Ti,ox,CL,,91,O,monomer_O,
ground_states,Ti-salfan-H2-ox-CL.out,Ti-salfan-H2-ox-CL,Ti,ox,CL,,92,O,monomer_O,
ground_states,Ti-salfan-H2-red-CL.out,Ti-salfan-H2-red-CL,Ti,red,CL,,1,C,ferrocene_C,
ground_states,Ti-salfan-H2-red-CL.out,Ti-salfan-H2-red-CL,Ti,red,CL,,2,C,ferrocene_C,
ground_states,Ti-salfan-H2-red-CL.out,Ti-salfan-H2-red-CL,Ti,red,CL,,3,C,ferrocene_C,
ground_states,Ti-salfan-H2-red-CL.out,Ti-salfan-H2-red-CL,Ti,red,CL,,4,C,ferrocene_C,
ground_states,Ti-salfan-H2-red-CL.out,Ti-salfan-H2-red-CL,Ti,red,CL,,5,C,ferrocene_C,
ground_states,Ti-salfan-H2-red-CL.out,Ti-salfan-H2-red-CL,Ti,red,CL,,6,Fe,ferrocene_Fe,
ground_states,Ti-salfan-H2-red-CL.out,Ti-salfan-H2-red-CL,Ti,red,CL,,7,C,ferrocene_C,
ground_states,Ti-salfan-H2-red-CL.out,Ti-salfan-H2-red-CL,Ti,red,CL,,8,C,ferrocene_C,
ground_states,Ti-salfan-H2-red-CL.out,Ti-salfan-H2-red-CL,Ti,red,CL,,9,C,ferrocene_C,
ground_states,Ti-salfan-H2-red-CL.out,Ti-salfan-H2-red-CL,Ti,red,CL,,10,C,ferrocene_C,
ground_states,Ti-salfan-H2-red-CL.out,Ti-salfan-H2-red-CL,Ti,red,CL,,11,C,ferrocene_C,
ground_states,Ti-salfan-H2-red-CL.out,Ti-salfan-H2-red-CL,Ti,red,CL,,12,N,donor_N,
ground_states,Ti-salfan-H2-red-CL.out,Ti-salfan-H2-red-CL,Ti,red,CL,,13,N,donor_N,
ground_states,Ti-salfan-H2-red-CL.out,Ti-salfan-H2-red-CL,Ti,red,CL,,14,O,alkoxide_O,
ground_states,Ti-salfan-H2-red-CL.out,Ti-salfan-H2-red-CL,Ti,red,CL,,15,C,,
ground_states,Ti-salfan-H2-red-CL.out,Ti-salfan-H2-red-CL,Ti,red,CL,,16,O,phenoxy_O,
ground_states,Ti-salfan-H2-red-CL.out,Ti-salfan-H2-red-CL,Ti,red,CL,,17,C,,
ground_states,Ti-salfan-H2-red-CL.out,Ti-salfan-H2-red-CL,Ti,red,CL,,18,C,,
ground_states,Ti-salfan-H2-red-CL.out,Ti-salfan-H2-red-CL,Ti,red,CL,,19,C,,
ground_states,Ti-salfan-H2-red-CL.out,Ti-salfan-H2-red-CL,Ti,red,CL,,20,C,,
ground_states,Ti-salfan-H2-red-CL.out,Ti-salfan-H2-red-CL,Ti,red,CL,,21,C,,
ground_states,Ti-salfan-H2-red-CL.out,Ti-salfan-H2-red-CL,Ti,red,CL,,22,C,,
ground_states,Ti-salfan-H2-red-CL.out,Ti-salfan-H2-red-CL,Ti,red,CL,,23,C,,
ground_states,Ti-salfan-H2-red-CL.out,Ti-salfan-H2-red-CL,Ti,red,CL,,24,O,phenoxy_O,
ground_states,Ti-salfan-H2-red-CL.out,Ti-salfan-H2-red-CL,Ti,red,CL,,25,C,,
ground_states,Ti-salfan-H2-red-CL.out,Ti-salfan-H2-red-CL,Ti,red,CL,,26,C,,
ground_states,Ti-salfan-H2-red-CL.out,Ti-salfan-H2-red-CL,Ti,red,CL,,27,C,,
ground_states,Ti-salfan-H2-red-CL.out,Ti-salfan-H2-red-CL,Ti,red,CL,,28,C,,
ground_states,Ti-salfan-H2-red-CL.out,Ti-salfan-H2-red-CL,Ti,red,CL,,29,C,,
ground_states,Ti-salfan-H2-red-CL.out,Ti-salfan-H2-red-CL,Ti,red,CL,,30,C,,
ground_states,Ti-salfan-H2-red-CL.out,Ti-salfan-H2-red-CL,Ti,red,CL,,31,C,,
ground_states,Ti-salfan-H2-red-CL.out,Ti-salfan-H2-red-CL,Ti,red,CL,,32,O,alkoxide_O,
ground_states,Ti-salfan-H2-red-CL.out,Ti-salfan-H2-red-CL,Ti,red,CL,,33,C,,
ground_states,Ti-salfan-H2-red-CL.out,Ti-salfan-H2-red-CL,Ti,red,CL,,34,H,,
ground_states,Ti-salfan-H2-red-CL.out,Ti-salfan-H2-red-CL,Ti,red,CL,,35,H,,
ground_states,Ti-salfan-H2-red-CL.out,Ti-salfan-H2-red-CL,Ti,red,CL,,36,H,,
ground_states,Ti-salfan-H2-red-CL.out,Ti-salfan-H2-red-CL,Ti,red,CL,,37,H,,
ground_states,Ti-salfan-H2-red-CL.out,Ti-salfan-H2-red-CL,Ti,red,CL,,38,H,,
ground_states,Ti-salfan-H2-red-CL.out,Ti-salfan-H2-red-CL,Ti,red,CL,,39,H,,
ground_states,Ti-salfan-H2-red-CL.out,Ti-salfan-H2-red-CL,Ti,red,CL,,40,H,,
ground_states,Ti-salfan-H2-red-CL.out,Ti-salfan-H2-red-CL,Ti,red,CL,,41,H,,
ground_states,Ti-salfan-H2-red-CL.out,Ti-salfan-H2-red-CL,Ti,red,CL,,42,H,,
ground_states,Ti-salfan-H2-red-CL.out,Ti-salfan-H2-red-CL,Ti,red,CL,,43,H,,
ground_states,Ti-salfan-H2-red-CL.out,Ti-salfan-H2-red-CL,Ti,red,CL,,44,H,,
ground_states,Ti-salfan-H2-red-CL.out,Ti-salfan-H2-red-CL,Ti,red,CL,,45,H,,
ground_states,Ti-salfan-H2-red-CL.out,Ti-salfan-H2-red-CL,Ti,red,CL,,46,H,,
ground_states,Ti-salfan-H2-red-CL.out,Ti-salfan-H2-red-CL,Ti,red,CL,,47,H,,
ground_states,Ti-salfan-H2-red-CL.out,Ti-salfan-H2-red-CL,Ti,red,CL,,48,H,,
ground_states,Ti-salfan-H2-red-CL.out,Ti-salfan-H2-red-CL,Ti,red,CL,,49,H,,
ground_states,Ti-salfan-H2-red-CL.out,Ti-salfan-H2-red-CL,Ti,red,CL,,50,H,,
ground_states,Ti-salfan-H2-red-CL.out,Ti-salfan-H2-red-CL,Ti,red,CL,,51,H,,
ground_states,Ti-salfan-H2-red-CL.out,Ti-salfan-H2-red-CL,Ti,red,CL,,52,C,,
ground_states,Ti-salfan-H2-red-CL.out,Ti-salfan-H2-red-CL,Ti,red,CL,,53,H,,
ground_states,Ti-salfan-H2-red-CL.out,Ti-salfan-H2-red-CL,Ti,red,CL,,54,H,,
ground_states,Ti-salfan-H2-red-CL.out,Ti-salfan-H2-red-CL,Ti,red,CL,,55,H,,
ground_states,Ti-salfan-H2-red-CL.out,Ti-salfan-H2-red-CL,Ti,red,CL,,56,C,,
ground_states,Ti-salfan-H2-red-CL.out,Ti-salfan-H2-red-CL,Ti,red,CL,,57,H,,
ground_states,Ti-salfan-H2-red-CL.out,Ti-salfan-H2-red-CL,Ti,red,CL,,58,H,,
ground_states,Ti-salfan-H2-red-CL.out,Ti-salfan-H2-red-CL,Ti,red,CL,,59,H,,
ground_states,Ti-salfan-H2-red-CL.out,Ti-salfan-H2-red-CL,Ti,red,CL,,60,H,,
ground_states,Ti-salfan-H2-red-CL.out,Ti-salfan-H2-red-CL,Ti,red,CL,,61,H,,
ground_states,Ti-salfan-H2-red-CL.out,Ti-salfan-H2-red-CL,Ti,red,CL,,62,H,,
ground_states,Ti-salfan-H2-red-CL.out,Ti-salfan-H2-red-CL,Ti,red,CL,,63,H,,
ground_states,Ti-salfan-H2-red-CL.out,Ti-salfan-H2-red-CL,Ti,red,CL,,64,C,,
ground_states,Ti-salfan-H2-red-CL.out,Ti-salfan-H2-red-CL,Ti,red,CL,,65,H,,
ground_states,Ti-salfan-H2-red-CL.out,Ti-salfan-H2-red-CL,Ti,red,CL,,66,H,,
ground_states,Ti-salfan-H2-red-CL.out,Ti-salfan-H2-red-CL,Ti,red,CL,,67,H,,
ground_states,Ti-salfan-H2-red-CL.out,Ti-salfan-H2-red-CL,Ti,red,CL,,68,C,,
ground_states,Ti-salfan-H2-red-CL.out,Ti-salfan-H2-red-CL,Ti,red,CL,,69,H,,
ground_states,Ti-salfan-H2-red-CL.out,Ti-salfan-H2-red-CL,Ti,red,CL,,70,H,,
ground_states,Ti-salfan-H2-red-CL.out,Ti-salfan-H2-red-CL,Ti,red,CL,,71,H,,
ground_states,Ti-salfan-H2-red-CL.out,Ti-salfan-H2-red-CL,Ti,red,CL,,72,Ti,metal_center,
ground_states,Ti-salfan-H2-red-CL.out,Ti-salfan-H2-red-CL,Ti,red,CL,,73,H,,
ground_states,Ti-salfan-H2-red-CL.out,Ti-salfan-H2-red-CL,Ti,red,CL,,74,H,,
ground_states,Ti-salfan-H2-red-CL.out,Ti-salfan-H2-red-CL,Ti,red,CL,,75,C,monomer_C,
ground_states,Ti-salfan-H2-red-CL.out,Ti-salfan-H2-red-CL,Ti,red,CL,,76,C,monomer_C,
ground_states,Ti-salfan-H2-red-CL.out,Ti-salfan-H2-red-CL,Ti,red,CL,,77,C,monomer_C,
ground_states,Ti-salfan-H2-red-CL.out,Ti-salfan-H2-red-CL,Ti,red,CL,,78,C,monomer_C,
ground_states,Ti-salfan-H2-red-CL.out,Ti-salfan-H2-red-CL,Ti,red,CL,,79,C,monomer_C,
ground_states,Ti-salfan-H2-red-CL.out,Ti-salfan-H2-red-CL,Ti,red,CL,,80,H,,
ground_states,Ti-salfan-H2-red-CL.out,Ti-salfan-H2-red-CL,Ti,red,CL,,81,H,,
ground_states,Ti-salfan-H2-red-CL.out,Ti-salfan-H2-red-CL,Ti,red,CL,,82,H,,
ground_states,Ti-salfan-H2-red-CL.out,Ti-salfan-H2-red-CL,Ti,red,CL,,83,H,,
ground_states,Ti-salfan-H2-red-CL.out,Ti-salfan-H2-red-CL,Ti,red,CL,,84,H,,
ground_states,Ti-salfan-H2-red-CL.out,Ti-salfan-H2-red-CL,Ti,red,CL,,85,H,,
ground_states,Ti-salfan-H2-red-CL.out,Ti-salfan-H2-red-CL,Ti,red,CL,,86,H,,
ground_states,Ti-salfan-H2-red-CL.out,Ti-salfan-H2-red-CL,Ti,red,CL,,87,H,,
ground_states,Ti-salfan-H2-red-CL.out,Ti-salfan-H2-red-CL,Ti,red,CL,,88,H,,
ground_states,Ti-salfan-H2-red-CL.out,Ti-salfan-H2-red-CL,Ti,red,CL,,89,H,,
ground_states,Ti-salfan-H2-red-CL.out,Ti-salfan-H2-red-CL,Ti,red,CL,,90,C,monomer_C,
ground_states,Ti-salfan-H2-red-CL.out,Ti-salfan-H2-red-CL,Ti,red,CL,,91,O,monomer_O,
ground_states,Ti-salfan-H2-red-CL.out,Ti-salfan-H2-red-CL,Ti,red,CL,,92,O,monomer_O,
ground_states,Ti-salfen-ox-CL.out,Ti-salfen-ox-CL,Ti,ox,CL,,1,C,ferrocene_C,
ground_states,Ti-salfen-ox-CL.out,Ti-salfen-ox-CL,Ti,ox,CL,,2,C,ferrocene_C,
ground_states,Ti-salfen-ox-CL.out,Ti-salfen-ox-CL,Ti,ox,CL,,3,C,ferrocene_C,
ground_states,Ti-salfen-ox-CL.out,Ti-salfen-ox-CL,Ti,ox,CL,,4,C,ferrocene_C,
ground_states,Ti-salfen-ox-CL.out,Ti-salfen-ox-CL,Ti,ox,CL,,5,C,ferrocene_C,
ground_states,Ti-salfen-ox-CL.out,Ti-salfen-ox-CL,Ti,ox,CL,,6,Fe,ferrocene_Fe,
ground_states,Ti-salfen-ox-CL.out,Ti-salfen-ox-CL,Ti,ox,CL,,7,C,ferrocene_C,
ground_states,Ti-salfen-ox-CL.out,Ti-salfen-ox-CL,Ti,ox,CL,,8,C,ferrocene_C,
ground_states,Ti-salfen-ox-CL.out,Ti-salfen-ox-CL,Ti,ox,CL,,9,C,ferrocene_C,
ground_states,Ti-salfen-ox-CL.out,Ti-salfen-ox-CL,Ti,ox,CL,,10,C,ferrocene_C,
ground_states,Ti-salfen-ox-CL.out,Ti-salfen-ox-CL,Ti,ox,CL,,11,C,ferrocene_C,
ground_states,Ti-salfen-ox-CL.out,Ti-salfen-ox-CL,Ti,ox,CL,,12,N,donor_N,
ground_states,Ti-salfen-ox-CL.out,Ti-salfen-ox-CL,Ti,ox,CL,,13,N,donor_N,
ground_states,Ti-salfen-ox-CL.out,Ti-salfen-ox-CL,Ti,ox,CL,,14,O,alkoxide_O,
ground_states,Ti-salfen-ox-CL.out,Ti-salfen-ox-CL,Ti,ox,CL,,15,C,,
ground_states,Ti-salfen-ox-CL.out,Ti-salfen-ox-CL,Ti,ox,CL,,16,O,phenoxy_O,
ground_states,Ti-salfen-ox-CL.out,Ti-salfen-ox-CL,Ti,ox,CL,,17,C,,
ground_states,Ti-salfen-ox-CL.out,Ti-salfen-ox-CL,Ti,ox,CL,,18,C,,
ground_states,Ti-salfen-ox-CL.out,Ti-salfen-ox-CL,Ti,ox,CL,,19,C,,
ground_states,Ti-salfen-ox-CL.out,Ti-salfen-ox-CL,Ti,ox,CL,,20,C,,
ground_states,Ti-salfen-ox-CL.out,Ti-salfen-ox-CL,Ti,ox,CL,,21,C,,
ground_states,Ti-salfen-ox-CL.out,Ti-salfen-ox-CL,Ti,ox,CL,,22,C,,
ground_states,Ti-salfen-ox-CL.out,Ti-salfen-ox-CL,Ti,ox,CL,,23,C,,
ground_states,Ti-salfen-ox-CL.out,Ti-salfen-ox-CL,Ti,ox,CL,,24,O,phenoxy_O,
ground_states,Ti-salfen-ox-CL.out,Ti-salfen-ox-CL,Ti,ox,CL,,25,C,,
ground_states,Ti-salfen-ox-CL.out,Ti-salfen-ox-CL,Ti,ox,CL,,26,C,,
ground_states,Ti-salfen-ox-CL.out,Ti-salfen-ox-CL,Ti,ox,CL,,27,C,,
ground_states,Ti-salfen-ox-CL.out,Ti-salfen-ox-CL,Ti,ox,CL,,28,C,,
ground_states,Ti-salfen-ox-CL.out,Ti-salfen-ox-CL,Ti,ox,CL,,29,C,,
ground_states,Ti-salfen-ox-CL.out,Ti-salfen-ox-CL,Ti,ox,CL,,30,C,,
ground_states,Ti-salfen-ox-CL.out,Ti-salfen-ox-CL,Ti,ox,CL,,31,C,,
ground_states,Ti-salfen-ox-CL.out,Ti-salfen-ox-CL,Ti,ox,CL,,32,O,alkoxide_O,
ground_states,Ti-salfen-ox-CL.out,Ti-salfen-ox-CL,Ti,ox,CL,,33,C,,
ground_states,Ti-salfen-ox-CL.out,Ti-salfen-ox-CL,Ti,ox,CL,,34,H,,
ground_states,Ti-salfen-ox-CL.out,Ti-salfen-ox-CL,Ti,ox,CL,,35,H,,
ground_states,Ti-salfen-ox-CL.out,Ti-salfen-ox-CL,Ti,ox,CL,,36,H,,
ground_states,Ti-salfen-ox-CL.out,Ti-salfen-ox-CL,Ti,ox,CL,,37,H,,
ground_states,Ti-salfen-ox-CL.out,Ti-salfen-ox-CL,Ti,ox,CL,,38,H,,
ground_states,Ti-salfen-ox-CL.out,Ti-salfen-ox-CL,Ti,ox,CL,,39,H,,
ground_states,Ti-salfen-ox-CL.out,Ti-salfen-ox-CL,Ti,ox,CL,,40,H,,
ground_states,Ti-salfen-ox-CL.out,Ti-salfen-ox-CL,Ti,ox,CL,,41,H,,
ground_states,Ti-salfen-ox-CL.out,Ti-salfen-ox-CL,Ti,ox,CL,,42,H,,
ground_states,Ti-salfen-ox-CL.out,Ti-salfen-ox-CL,Ti,ox,CL,,43,H,,
ground_states,Ti-salfen-ox-CL.out,Ti-salfen-ox-CL,Ti,ox,CL,,44,H,,
ground_states,Ti-salfen-ox-CL.out,Ti-salfen-ox-CL,Ti,ox,CL,,45,H,,
ground_states,Ti-salfen-ox-CL.out,Ti-salfen-ox-CL,Ti,ox,CL,,46,H,,
ground_states,Ti-salfen-ox-CL.out,Ti-salfen-ox-CL,Ti,ox,CL,,47,H,,
ground_states,Ti-salfen-ox-CL.out,Ti-salfen-ox-CL,Ti,ox,CL,,48,C,,
ground_states,Ti-salfen-ox-CL.out,Ti-salfen-ox-CL,Ti,ox,CL,,49,H,,
ground_states,Ti-salfen-ox-CL.out,Ti-salfen-ox-CL,Ti,ox,CL,,50,H,,
ground_states,Ti-salfen-ox-CL.out,Ti-salfen-ox-CL,Ti,ox,CL,,51,H,,
ground_states,Ti-salfen-ox-CL.out,Ti-salfen-ox-CL,Ti,ox,CL,,52,C,,
ground_states,Ti-salfen-ox-CL.out,Ti-salfen-ox-CL,Ti,ox,CL,,53,H,,
ground_states,Ti-salfen-ox-CL.out,Ti-salfen-ox-CL,Ti,ox,CL,,54,H,,
ground_states,Ti-salfen-ox-CL.out,Ti-salfen-ox-CL,Ti,ox,CL,,55,H,,
ground_states,Ti-salfen-ox-CL.out,Ti-salfen-ox-CL,Ti,ox,CL,,56,H,,
ground_states,Ti-salfen-ox-CL.out,Ti-salfen-ox-CL,Ti,ox,CL,,57,H,,
ground_states,Ti-salfen-ox-CL.out,Ti-salfen-ox-CL,Ti,ox,CL,,58,H,,
ground_states,Ti-salfen-ox-CL.out,Ti-salfen-ox-CL,Ti,ox,CL,,59,H,,
ground_states,Ti-salfen-ox-CL.out,Ti-salfen-ox-CL,Ti,ox,CL,,60,C,,
ground_states,Ti-salfen-ox-CL.out,Ti-salfen-ox-CL,Ti,ox,CL,,61,H,,
ground_states,Ti-salfen-ox-CL.out,Ti-salfen-ox-CL,Ti,ox,CL,,62,H,,
ground_states,Ti-salfen-ox-CL.out,Ti-salfen-ox-CL,Ti,ox,CL,,63,H,,
ground_states,Ti-salfen-ox-CL.out,Ti-salfen-ox-CL,Ti,ox,CL,,64,C,,
ground_states,Ti-salfen-ox-CL.out,Ti-salfen-ox-CL,Ti,ox,CL,,65,H,,
ground_states,Ti-salfen-ox-CL.out,Ti-salfen-ox-CL,Ti,ox,CL,,66,H,,
ground_states,Ti-salfen-ox-CL.out,Ti-salfen-ox-CL,Ti,ox,CL,,67,H,,
ground_states,Ti-salfen-ox-CL.out,Ti-salfen-ox-CL,Ti,ox,CL,,68,Ti,metal_center,
ground_states,Ti-salfen-ox-CL.out,Ti-salfen-ox-CL,Ti,ox,CL,,69,H,,
ground_states,Ti-salfen-ox-CL.out,Ti-salfen-ox-CL,Ti,ox,CL,,70,H,,
ground_states,Ti-salfen-ox-CL.out,Ti-salfen-ox-CL,Ti,ox,CL,,71,C,monomer_C,
ground_states,Ti-salfen-ox-CL.out,Ti-salfen-ox-CL,Ti,ox,CL,,72,C,monomer_C,
ground_states,Ti-salfen-ox-CL.out,Ti-salfen-ox-CL,Ti,ox,CL,,73,C,monomer_C,
ground_states,Ti-salfen-ox-CL.out,Ti-salfen-ox-CL,Ti,ox,CL,,74,C,monomer_C,
ground_states,Ti-salfen-ox-CL.out,Ti-salfen-ox-CL,Ti,ox,CL,,75,C,monomer_C,
ground_states,Ti-salfen-ox-CL.out,Ti-salfen-ox-CL,Ti,ox,CL,,76,H,,
ground_states,Ti-salfen-ox-CL.out,Ti-salfen-ox-CL,Ti,ox,CL,,77,H,,
ground_states,Ti-salfen-ox-CL.out,Ti-salfen-ox-CL,Ti,ox,CL,,78,H,,
ground_states,Ti-salfen-ox-CL.out,Ti-salfen-ox-CL,Ti,ox,CL,,79,H,,
ground_states,Ti-salfen-ox-CL.out,Ti-salfen-ox-CL,Ti,ox,CL,,80,H,,
ground_states,Ti-salfen-ox-CL.out,Ti-salfen-ox-CL,Ti,ox,CL,,81,H,,
ground_states,Ti-salfen-ox-CL.out,Ti-salfen-ox-CL,Ti,ox,CL,,82,H,,
ground_states,Ti-salfen-ox-CL.out,Ti-salfen-ox-CL,Ti,ox,CL,,83,H,,
ground_states,Ti-salfen-ox-CL.out,Ti-salfen-ox-CL,Ti,ox,CL,,84,H,,
ground_states,Ti-salfen-ox-CL.out,Ti-salfen-ox-CL,Ti,ox,CL,,85,H,,
ground_states,Ti-salfen-ox-CL.out,Ti-salfen-ox-CL,Ti,ox,CL,,86,C,monomer_C,
ground_states,Ti-salfen-ox-CL.out,Ti-salfen-ox-CL,Ti,ox,CL,,87,O,monomer_O,
ground_states,Ti-salfen-ox-CL.out,Ti-salfen-ox-CL,Ti,ox,CL,,88,O,monomer_O,
ground_states,Ti-salfen-red-CL.out,Ti-salfen-red-CL,Ti,red,CL,,1,C,ferrocene_C,
ground_states,Ti-salfen-red-CL.out,Ti-salfen-red-CL,Ti,red,CL,,2,C,ferrocene_C,
ground_states,Ti-salfen-red-CL.out,Ti-salfen-red-CL,Ti,red,CL,,3,C,ferrocene_C,
ground_states,Ti-salfen-red-CL.out,Ti-salfen-red-CL,Ti,red,CL,,4,C,ferrocene_C,
ground_states,Ti-salfen-red-CL.out,Ti-salfen-red-CL,Ti,red,CL,,5,C,ferrocene_C,
ground_states,Ti-salfen-red-CL.out,Ti-salfen-red-CL,Ti,red,CL,,6,Fe,ferrocene_Fe,
ground_states,Ti-salfen-red-CL.out,Ti-salfen-red-CL,Ti,red,CL,,7,C,ferrocene_C,
ground_states,Ti-salfen-red-CL.out,Ti-salfen-red-CL,Ti,red,CL,,8,C,ferrocene_C,
ground_states,Ti-salfen-red-CL.out,Ti-salfen-red-CL,Ti,red,CL,,9,C,ferrocene_C,
ground_states,Ti-salfen-red-CL.out,Ti-salfen-red-CL,Ti,red,CL,,10,C,ferrocene_C,
ground_states,Ti-salfen-red-CL.out,Ti-salfen-red-CL,Ti,red,CL,,11,C,ferrocene_C,
ground_states,Ti-salfen-red-CL.out,Ti-salfen-red-CL,Ti,red,CL,,12,N,donor_N,
ground_states,Ti-salfen-red-CL.out,Ti-salfen-red-CL,Ti,red,CL,,13,N,donor_N,
ground_states,Ti-salfen-red-CL.out,Ti-salfen-red-CL,Ti,red,CL,,14,O,alkoxide_O,
ground_states,Ti-salfen-red-CL.out,Ti-salfen-red-CL,Ti,red,CL,,15,C,,
ground_states,Ti-salfen-red-CL.out,Ti-salfen-red-CL,Ti,red,CL,,16,O,phenoxy_O,
ground_states,Ti-salfen-red-CL.out,Ti-salfen-red-CL,Ti,red,CL,,17,C,,
ground_states,Ti-salfen-red-CL.out,Ti-salfen-red-CL,Ti,red,CL,,18,C,,
ground_states,Ti-salfen-red-CL.out,Ti-salfen-red-CL,Ti,red,CL,,19,C,,
ground_states,Ti-salfen-red-CL.out,Ti-salfen-red-CL,Ti,red,CL,,20,C,,
ground_states,Ti-salfen-red-CL.out,Ti-salfen-red-CL,Ti,red,CL,,21,C,,
ground_states,Ti-salfen-red-CL.out,Ti-salfen-red-CL,Ti,red,CL,,22,C,,
ground_states,Ti-salfen-red-CL.out,Ti-salfen-red-CL,Ti,red,CL,,23,C,,
ground_states,Ti-salfen-red-CL.out,Ti-salfen-red-CL,Ti,red,CL,,24,O,phenoxy_O,
ground_states,Ti-salfen-red-CL.out,Ti-salfen-red-CL,Ti,red,CL,,25,C,,
ground_states,Ti-salfen-red-CL.out,Ti-salfen-red-CL,Ti,red,CL,,26,C,,
ground_states,Ti-salfen-red-CL.out,Ti-salfen-red-CL,Ti,red,CL,,27,C,,
ground_states,Ti-salfen-red-CL.out,Ti-salfen-red-CL,Ti,red,CL,,28,C,,
ground_states,Ti-salfen-red-CL.out,Ti-salfen-red-CL,Ti,red,CL,,29,C,,
ground_states,Ti-salfen-red-CL.out,Ti-salfen-red-CL,Ti,red,CL,,30,C,,
ground_states,Ti-salfen-red-CL.out,Ti-salfen-red-CL,Ti,red,CL,,31,C,,
ground_states,Ti-salfen-red-CL.out,Ti-salfen-red-CL,Ti,red,CL,,32,O,alkoxide_O,
ground_states,Ti-salfen-red-CL.out,Ti-salfen-red-CL,Ti,red,CL,,33,C,,
ground_states,Ti-salfen-red-CL.out,Ti-salfen-red-CL,Ti,red,CL,,34,H,,
ground_states,Ti-salfen-red-CL.out,Ti-salfen-red-CL,Ti,red,CL,,35,H,,
ground_states,Ti-salfen-red-CL.out,Ti-salfen-red-CL,Ti,red,CL,,36,H,,
ground_states,Ti-salfen-red-CL.out,Ti-salfen-red-CL,Ti,red,CL,,37,H,,
ground_states,Ti-salfen-red-CL.out,Ti-salfen-red-CL,Ti,red,CL,,38,H,,
ground_states,Ti-salfen-red-CL.out,Ti-salfen-red-CL,Ti,red,CL,,39,H,,
ground_states,Ti-salfen-red-CL.out,Ti-salfen-red-CL,Ti,red,CL,,40,H,,
ground_states,Ti-salfen-red-CL.out,Ti-salfen-red-CL,Ti,red,CL,,41,H,,
ground_states,Ti-salfen-red-CL.out,Ti-salfen-red-CL,Ti,red,CL,,42,H,,
ground_states,Ti-salfen-red-CL.out,Ti-salfen-red-CL,Ti,red,CL,,43,H,,
ground_states,Ti-salfen-red-CL.out,Ti-salfen-red-CL,Ti,red,CL,,44,H,,
ground_states,Ti-salfen-red-CL.out,Ti-salfen-red-CL,Ti,red,CL,,45,H,,
ground_states,Ti-salfen-red-CL.out,Ti-salfen-red-CL,Ti,red,CL,,46,H,,
ground_states,Ti-salfen-red-CL.out,Ti-salfen-red-CL,Ti,red,CL,,47,H,,
ground_states,Ti-salfen-red-CL.out,Ti-salfen-red-CL,Ti,red,CL,,48,C,,
ground_states,Ti-salfen-red-CL.out,Ti-salfen-red-CL,Ti,red,CL,,49,H,,
ground_states,Ti-salfen-red-CL.out,Ti-salfen-red-CL,Ti,red,CL,,50,H,,
ground_states,Ti-salfen-red-CL.out,Ti-salfen-red-CL,Ti,red,CL,,51,H,,
ground_states,Ti-salfen-red-CL.out,Ti-salfen-red-CL,Ti,red,CL,,52,C,,
ground_states,Ti-salfen-red-CL.out,Ti-salfen-red-CL,Ti,red,CL,,53,H,,
ground_states,Ti-salfen-red-CL.out,Ti-salfen-red-CL,Ti,red,CL,,54,H,,
ground_states,Ti-salfen-red-CL.out,Ti-salfen-red-CL,Ti,red,CL,,55,H,,
ground_states,Ti-salfen-red-CL.out,Ti-salfen-red-CL,Ti,red,CL,,56,H,,
ground_states,Ti-salfen-red-CL.out,Ti-salfen-red-CL,Ti,red,CL,,57,H,,
ground_states,Ti-salfen-red-CL.out,Ti-salfen-red-CL,Ti,red,CL,,58,H,,
ground_states,Ti-salfen-red-CL.out,Ti-salfen-red-CL,Ti,red,CL,,59,H,,
ground_states,Ti-salfen-red-CL.out,Ti-salfen-red-CL,Ti,red,CL,,60,C,,
ground_states,Ti-salfen-red-CL.out,Ti-salfen-red-CL,Ti,red,CL,,61,H,,
ground_states,Ti-salfen-red-CL.out,Ti-salfen-red-CL,Ti,red,CL,,62,H,,
ground_states,Ti-salfen-red-CL.out,Ti-salfen-red-CL,Ti,red,CL,,63,H,,
ground_states,Ti-salfen-red-CL.out,Ti-salfen-red-CL,Ti,red,CL,,64,C,,
ground_states,Ti-salfen-red-CL.out,Ti-salfen-red-CL,Ti,red,CL,,65,H,,
ground_states,Ti-salfen-red-CL.out,Ti-salfen-red-CL,Ti,red,CL,,66,H,,
ground_states,Ti-salfen-red-CL.out,Ti-salfen-red-CL,Ti,red,CL,,67,H,,
ground_states,Ti-salfen-red-CL.out,Ti-salfen-red-CL,Ti,red,CL,,68,Ti,metal_center,
ground_states,Ti-salfen-red-CL.out,Ti-salfen-red-CL,Ti,red,CL,,69,H,,
ground_states,Ti-salfen-red-CL.out,Ti-salfen-red-CL,Ti,red,CL,,70,H,,
ground_states,Ti-salfen-red-CL.out,Ti-salfen-red-CL,Ti,red,CL,,71,C,monomer_C,
ground_states,Ti-salfen-red-CL.out,Ti-salfen-red-CL,Ti,red,CL,,72,C,monomer_C,
ground_states,Ti-salfen-red-CL.out,Ti-salfen-red-CL,Ti,red,CL,,73,C,monomer_C,
ground_states,Ti-salfen-red-CL.out,Ti-salfen-red-CL,Ti,red,CL,,74,C,monomer_C,
ground_states,Ti-salfen-red-CL.out,Ti-salfen-red-CL,Ti,red,CL,,75,C,monomer_C,
ground_states,Ti-salfen-red-CL.out,Ti-salfen-red-CL,Ti,red,CL,,76,H,,
ground_states,Ti-salfen-red-CL.out,Ti-salfen-red-CL,Ti,red,CL,,77,H,,
ground_states,Ti-salfen-red-CL.out,Ti-salfen-red-CL,Ti,red,CL,,78,H,,
ground_states,Ti-salfen-red-CL.out,Ti-salfen-red-CL,Ti,red,CL,,79,H,,
ground_states,Ti-salfen-red-CL.out,Ti-salfen-red-CL,Ti,red,CL,,80,H,,
ground_states,Ti-salfen-red-CL.out,Ti-salfen-red-CL,Ti,red,CL,,81,H,,
ground_states,Ti-salfen-red-CL.out,Ti-salfen-red-CL,Ti,red,CL,,82,H,,
ground_states,Ti-salfen-red-CL.out,Ti-salfen-red-CL,Ti,red,CL,,83,H,,
ground_states,Ti-salfen-red-CL.out,Ti-salfen-red-CL,Ti,red,CL,,84,H,,
ground_states,Ti-salfen-red-CL.out,Ti-salfen-red-CL,Ti,red,CL,,85,H,,
ground_states,Ti-salfen-red-CL.out,Ti-salfen-red-CL,Ti,red,CL,,86,C,monomer_C,
ground_states,Ti-salfen-red-CL.out,Ti-salfen-red-CL,Ti,red,CL,,87,O,monomer_O,
ground_states,Ti-salfen-red-CL.out,Ti-salfen-red-CL,Ti,red,CL,,88,O,monomer_O,
ground_states,Zr-salfan-H2-ox-CL.out,Zr-salfan-H2-ox-CL,Zr,ox,CL,,1,C,ferrocene_C,
ground_states,Zr-salfan-H2-ox-CL.out,Zr-salfan-H2-ox-CL,Zr,ox,CL,,2,C,ferrocene_C,
ground_states,Zr-salfan-H2-ox-CL.out,Zr-salfan-H2-ox-CL,Zr,ox,CL,,3,C,ferrocene_C,
ground_states,Zr-salfan-H2-ox-CL.out,Zr-salfan-H2-ox-CL,Zr,ox,CL,,4,C,ferrocene_C,
ground_states,Zr-salfan-H2-ox-CL.out,Zr-salfan-H2-ox-CL,Zr,ox,CL,,5,C,ferrocene_C,
ground_states,Zr-salfan-H2-ox-CL.out,Zr-salfan-H2-ox-CL,Zr,ox,CL,,6,Fe,ferrocene_Fe,
ground_states,Zr-salfan-H2-ox-CL.out,Zr-salfan-H2-ox-CL,Zr,ox,CL,,7,C,ferrocene_C,
ground_states,Zr-salfan-H2-ox-CL.out,Zr-salfan-H2-ox-CL,Zr,ox,CL,,8,C,ferrocene_C,
ground_states,Zr-salfan-H2-ox-CL.out,Zr-salfan-H2-ox-CL,Zr,ox,CL,,9,C,ferrocene_C,
ground_states,Zr-salfan-H2-ox-CL.out,Zr-salfan-H2-ox-CL,Zr,ox,CL,,10,C,ferrocene_C,
ground_states,Zr-salfan-H2-ox-CL.out,Zr-salfan-H2-ox-CL,Zr,ox,CL,,11,C,ferrocene_C,
ground_states,Zr-salfan-H2-ox-CL.out,Zr-salfan-H2-ox-CL,Zr,ox,CL,,12,N,donor_N,
ground_states,Zr-salfan-H2-ox-CL.out,Zr-salfan-H2-ox-CL,Zr,ox,CL,,13,N,donor_N,
ground_states,Zr-salfan-H2-ox-CL.out,Zr-salfan-H2-ox-CL,Zr,ox,CL,,14,Zr,metal_center,
ground_states,Zr-salfan-H2-ox-CL.out,Zr-salfan-H2-ox-CL,Zr,ox,CL,,15,O,alkoxide_O,
ground_states,Zr-salfan-H2-ox-CL.out,Zr-salfan-H2-ox-CL,Zr,ox,CL,,16,C,,
ground_states,Zr-salfan-H2-ox-CL.out,Zr-salfan-H2-ox-CL,Zr,ox,CL,,17,O,phenoxy_O,
ground_states,Zr-salfan-H2-ox-CL.out,Zr-salfan-H2-ox-CL,Zr,ox,CL,,18,C,,
ground_states,Zr-salfan-H2-ox-CL.out,Zr-salfan-H2-ox-CL,Zr,ox,CL,,19,C,,
ground_states,Zr-salfan-H2-ox-CL.out,Zr-salfan-H2-ox-CL,Zr,ox,CL,,20,C,,
ground_states,Zr-salfan-H2-ox-CL.out,Zr-salfan-H2-ox-CL,Zr,ox,CL,,21,C,,
ground_states,Zr-salfan-H2-ox-CL.out,Zr-salfan-H2-ox-CL,Zr,ox,CL,,22,C,,
ground_states,Zr-salfan-H2-ox-CL.out,Zr-salfan-H2-ox-CL,Zr,ox,CL,,23,C,,
ground_states,Zr-salfan-H2-ox-CL.out,Zr-salfan-H2-ox-CL,Zr,ox,CL,,24,C,,
ground_states,Zr-salfan-H2-ox-CL.out,Zr-salfan-H2-ox-CL,Zr,ox,CL,,25,O,phenoxy_O,
ground_states,Zr-salfan-H2-ox-CL.out,Zr-salfan-H2-ox-CL,Zr,ox,CL,,26,C,,
ground_states,Zr-salfan-H2-ox-CL.out,Zr-salfan-H2-ox-CL,Zr,ox,CL,,27,C,,
ground_states,Zr-salfan-H2-ox-CL.out,Zr-salfan-H2-ox-CL,Zr,ox,CL,,28,C,,
ground_states,Zr-salfan-H2-ox-CL.out,Zr-salfan-H2-ox-CL,Zr,ox,CL,,29,C,,
ground_states,Zr-salfan-H2-ox-CL.out,Zr-salfan-H2-ox-CL,Zr,ox,CL,,30,C,,
ground_states,Zr-salfan-H2-ox-CL.out,Zr-salfan-H2-ox-CL,Zr,ox,CL,,31,C,,
ground_states,Zr-salfan-H2-ox-CL.out,Zr-salfan-H2-ox-CL,Zr,ox,CL,,32,C,,
ground_states,Zr-salfan-H2-ox-CL.out,Zr-salfan-H2-ox-CL,Zr,ox,CL,,33,O,alkoxide_O,
ground_states,Zr-salfan-H2-ox-CL.out,Zr-salfan-H2-ox-CL,Zr,ox,CL,,34,C,,
ground_states,Zr-salfan-H2-ox-CL.out,Zr-salfan-H2-ox-CL,Zr,ox,CL,,35,H,,
ground_states,Zr-salfan-H2-ox-CL.out,Zr-salfan-H2-ox-CL,Zr,ox,CL,,36,H,,
ground_states,Zr-salfan-H2-ox-CL.out,Zr-salfan-H2-ox-CL,Zr,ox,CL,,37,H,,
ground_states,Zr-salfan-H2-ox-CL.out,Zr-salfan-H2-ox-CL,Zr,ox,CL,,38,H,,
ground_states,Zr-salfan-H2-ox-CL.out,Zr-salfan-H2-ox-CL,Zr,ox,CL,,39,H,,
ground_states,Zr-salfan-H2-ox-CL.out,Zr-salfan-H2-ox-CL,Zr,ox,CL,,40,H,,
ground_states,Zr-salfan-H2-ox-CL.out,Zr-salfan-H2-ox-CL,Zr,ox,CL,,41,H,,
ground_states,Zr-salfan-H2-ox-CL.out,Zr-salfan-H2-ox-CL,Zr,ox,CL,,42,H,,
ground_states,Zr-salfan-H2-ox-CL.out,Zr-salfan-H2-ox-CL,Zr,ox,CL,,43,H,,
ground_states,Zr-salfan-H2-ox-CL.out,Zr-salfan-H2-ox-CL,Zr,ox,CL,,44,H,,
ground_states,Zr-salfan-H2-ox-CL.out,Zr-salfan-H2-ox-CL,Zr,ox,CL,,45,H,,
ground_states,Zr-salfan-H2-ox-CL.out,Zr-salfan-H2-ox-CL,Zr,ox,CL,,46,H,,
ground_states,Zr-salfan-H2-ox-CL.out,Zr-salfan-H2-ox-CL,Zr,ox,CL,,47,H,,
ground_states,Zr-salfan-H2-ox-CL.out,Zr-salfan-H2-ox-CL,Zr,ox,CL,,48,H,,
ground_states,Zr-salfan-H2-ox-CL.out,Zr-salfan-H2-ox-CL,Zr,ox,CL,,49,H,,
ground_states,Zr-salfan-H2-ox-CL.out,Zr-salfan-H2-ox-CL,Zr,ox,CL,,50,H,,
ground_states,Zr-salfan-H2-ox-CL.out,Zr-salfan-H2-ox-CL,Zr,ox,CL,,51,H,,
ground_states,Zr-salfan-H2-ox-CL.out,Zr-salfan-H2-ox-CL,Zr,ox,CL,,52,H,,
ground_states,Zr-salfan-H2-ox-CL.out,Zr-salfan-H2-ox-CL,Zr,ox,CL,,53,C,,
ground_states,Zr-salfan-H2-ox-CL.out,Zr-salfan-H2-ox-CL,Zr,ox,CL,,54,C,,
ground_states,Zr-salfan-H2-ox-CL.out,Zr-salfan-H2-ox-CL,Zr,ox,CL,,55,C,,
ground_states,Zr-salfan-H2-ox-CL.out,Zr-salfan-H2-ox-CL,Zr,ox,CL,,56,C,,
ground_states,Zr-salfan-H2-ox-CL.out,Zr-salfan-H2-ox-CL,Zr,ox,CL,,57,H,,
ground_states,Zr-salfan-H2-ox-CL.out,Zr-salfan-H2-ox-CL,Zr,ox,CL,,58,H,,
ground_states,Zr-salfan-H2-ox-CL.out,Zr-salfan-H2-ox-CL,Zr,ox,CL,,59,H,,
ground_states,Zr-salfan-H2-ox-CL.out,Zr-salfan-H2-ox-CL,Zr,ox,CL,,60,H,,
ground_states,Zr-salfan-H2-ox-CL.out,Zr-salfan-H2-ox-CL,Zr,ox,CL,,61,H,,
ground_states,Zr-salfan-H2-ox-CL.out,Zr-salfan-H2-ox-CL,Zr,ox,CL,,62,H,,
ground_states,Zr-salfan-H2-ox-CL.out,Zr-salfan-H2-ox-CL,Zr,ox,CL,,63,H,,
ground_states,Zr-salfan-H2-ox-CL.out,Zr-salfan-H2-ox-CL,Zr,ox,CL,,64,H,,
ground_states,Zr-salfan-H2-ox-CL.out,Zr-salfan-H2-ox-CL,Zr,ox,CL,,65,H,,
ground_states,Zr-salfan-H2-ox-CL.out,Zr-salfan-H2-ox-CL,Zr,ox,CL,,66,H,,
ground_states,Zr-salfan-H2-ox-CL.out,Zr-salfan-H2-ox-CL,Zr,ox,CL,,67,H,,
ground_states,Zr-salfan-H2-ox-CL.out,Zr-salfan-H2-ox-CL,Zr,ox,CL,,68,H,,
ground_states,Zr-salfan-H2-ox-CL.out,Zr-salfan-H2-ox-CL,Zr,ox,CL,,69,H,,
ground_states,Zr-salfan-H2-ox-CL.out,Zr-salfan-H2-ox-CL,Zr,ox,CL,,70,H,,
ground_states,Zr-salfan-H2-ox-CL.out,Zr-salfan-H2-ox-CL,Zr,ox,CL,,71,H,,
ground_states,Zr-salfan-H2-ox-CL.out,Zr-salfan-H2-ox-CL,Zr,ox,CL,,72,H,,
ground_states,Zr-salfan-H2-ox-CL.out,Zr-salfan-H2-ox-CL,Zr,ox,CL,,73,H,,
ground_states,Zr-salfan-H2-ox-CL.out,Zr-salfan-H2-ox-CL,Zr,ox,CL,,74,H,,
ground_states,Zr-salfan-H2-ox-CL.out,Zr-salfan-H2-ox-CL,Zr,ox,CL,,75,O,monomer_O,
ground_states,Zr-salfan-H2-ox-CL.out,Zr-salfan-H2-ox-CL,Zr,ox,CL,,76,C,monomer_C,
ground_states,Zr-salfan-H2-ox-CL.out,Zr-salfan-H2-ox-CL,Zr,ox,CL,,77,C,monomer_C,
ground_states,Zr-salfan-H2-ox-CL.out,Zr-salfan-H2-ox-CL,Zr,ox,CL,,78,O,monomer_O,
ground_states,Zr-salfan-H2-ox-CL.out,Zr-salfan-H2-ox-CL,Zr,ox,CL,,79,C,monomer_C,
ground_states,Zr-salfan-H2-ox-CL.out,Zr-salfan-H2-ox-CL,Zr,ox,CL,,80,H,,
ground_states,Zr-salfan-H2-ox-CL.out,Zr-salfan-H2-ox-CL,Zr,ox,CL,,81,H,,
ground_states,Zr-salfan-H2-ox-CL.out,Zr-salfan-H2-ox-CL,Zr,ox,CL,,82,C,monomer_C,
ground_states,Zr-salfan-H2-ox-CL.out,Zr-salfan-H2-ox-CL,Zr,ox,CL,,83,C,monomer_C,
ground_states,Zr-salfan-H2-ox-CL.out,Zr-salfan-H2-ox-CL,Zr,ox,CL,,84,H,,
ground_states,Zr-salfan-H2-ox-CL.out,Zr-salfan-H2-ox-CL,Zr,ox,CL,,85,H,,
ground_states,Zr-salfan-H2-ox-CL.out,Zr-salfan-H2-ox-CL,Zr,ox,CL,,86,C,monomer_C,
ground_states,Zr-salfan-H2-ox-CL.out,Zr-salfan-H2-ox-CL,Zr,ox,CL,,87,H,,
ground_states,Zr-salfan-H2-ox-CL.out,Zr-salfan-H2-ox-CL,Zr,ox,CL,,88,H,,
ground_states,Zr-salfan-H2-ox-CL.out,Zr-salfan-H2-ox-CL,Zr,ox,CL,,89,H,,
ground_states,Zr-salfan-H2-ox-CL.out,Zr-salfan-H2-ox-CL,Zr,ox,CL,,90,H,,
ground_states,Zr-salfan-H2-ox-CL.out,Zr-salfan-H2-ox-CL,Zr,ox,CL,,91,H,,
ground_states,Zr-salfan-H2-ox-CL.out,Zr-salfan-H2-ox-CL,Zr,ox,CL,,92,H,,
ground_states,Zr-salfan-H2-red-CL.out,Zr-salfan-H2-red-CL,Zr,red,CL,,1,C,ferrocene_C,
ground_states,Zr-salfan-H2-red-CL.out,Zr-salfan-H2-red-CL,Zr,red,CL,,2,C,ferrocene_C,
ground_states,Zr-salfan-H2-red-CL.out,Zr-salfan-H2-red-CL,Zr,red,CL,,3,C,ferrocene_C,
ground_states,Zr-salfan-H2-red-CL.out,Zr-salfan-H2-red-CL,Zr,red,CL,,4,C,ferrocene_C,
ground_states,Zr-salfan-H2-red-CL.out,Zr-salfan-H2-red-CL,Zr,red,CL,,5,C,ferrocene_C,
ground_states,Zr-salfan-H2-red-CL.out,Zr-salfan-H2-red-CL,Zr,red,CL,,6,Fe,ferrocene_Fe,
ground_states,Zr-salfan-H2-red-CL.out,Zr-salfan-H2-red-CL,Zr,red,CL,,7,C,ferrocene_C,
ground_states,Zr-salfan-H2-red-CL.out,Zr-salfan-H2-red-CL,Zr,red,CL,,8,C,ferrocene_C,
ground_states,Zr-salfan-H2-red-CL.out,Zr-salfan-H2-red-CL,Zr,red,CL,,9,C,ferrocene_C,
ground_states,Zr-salfan-H2-red-CL.out,Zr-salfan-H2-red-CL,Zr,red,CL,,10,C,ferrocene_C,
ground_states,Zr-salfan-H2-red-CL.out,Zr-salfan-H2-red-CL,Zr,red,CL,,11,C,ferrocene_C,
ground_states,Zr-salfan-H2-red-CL.out,Zr-salfan-H2-red-CL,Zr,red,CL,,12,N,donor_N,
ground_states,Zr-salfan-H2-red-CL.out,Zr-salfan-H2-red-CL,Zr,red,CL,,13,N,donor_N,
ground_states,Zr-salfan-H2-red-CL.out,Zr-salfan-H2-red-CL,Zr,red,CL,,14,Zr,metal_center,
ground_states,Zr-salfan-H2-red-CL.out,Zr-salfan-H2-red-CL,Zr,red,CL,,15,O,alkoxide_O,
ground_states,Zr-salfan-H2-red-CL.out,Zr-salfan-H2-red-CL,Zr,red,CL,,16,C,,
ground_states,Zr-salfan-H2-red-CL.out,Zr-salfan-H2-red-CL,Zr,red,CL,,17,O,phenoxy_O,
ground_states,Zr-salfan-H2-red-CL.out,Zr-salfan-H2-red-CL,Zr,red,CL,,18,C,,
ground_states,Zr-salfan-H2-red-CL.out,Zr-salfan-H2-red-CL,Zr,red,CL,,19,C,,
ground_states,Zr-salfan-H2-red-CL.out,Zr-salfan-H2-red-CL,Zr,red,CL,,20,C,,
ground_states,Zr-salfan-H2-red-CL.out,Zr-salfan-H2-red-CL,Zr,red,CL,,21,C,,
ground_states,Zr-salfan-H2-red-CL.out,Zr-salfan-H2-red-CL,Zr,red,CL,,22,C,,
ground_states,Zr-salfan-H2-red-CL.out,Zr-salfan-H2-red-CL,Zr,red,CL,,23,C,,
ground_states,Zr-salfan-H2-red-CL.out,Zr-salfan-H2-red-CL,Zr,red,CL,,24,C,,
ground_states,Zr-salfan-H2-red-CL.out,Zr-salfan-H2-red-CL,Zr,red,CL,,25,O,phenoxy_O,
ground_states,Zr-salfan-H2-red-CL.out,Zr-salfan-H2-red-CL,Zr,red,CL,,26,C,,
ground_states,Zr-salfan-H2-red-CL.out,Zr-salfan-H2-red-CL,Zr,red,CL,,27,C,,
ground_states,Zr-salfan-H2-red-CL.out,Zr-salfan-H2-red-CL,Zr,red,CL,,28,C,,
ground_states,Zr-salfan-H2-red-CL.out,Zr-salfan-H2-red-CL,Zr,red,CL,,29,C,,
ground_states,Zr-salfan-H2-red-CL.out,Zr-salfan-H2-red-CL,Zr,red,CL,,30,C,,
ground_states,Zr-salfan-H2-red-CL.out,Zr-salfan-H2-red-CL,Zr,red,CL,,31,C,,
ground_states,Zr-salfan-H2-red-CL.out,Zr-salfan-H2-red-CL,Zr,red,CL,,32,C,,
ground_states,Zr-salfan-H2-red-CL.out,Zr-salfan-H2-red-CL,Zr,red,CL,,33,O,alkoxide_O,
ground_states,Zr-salfan-H2-red-CL.out,Zr-salfan-H2-red-CL,Zr,red,CL,,34,C,,
ground_states,Zr-salfan-H2-red-CL.out,Zr-salfan-H2-red-CL,Zr,red,CL,,35,H,,
ground_states,Zr-salfan-H2-red-CL.out,Zr-salfan-H2-red-CL,Zr,red,CL,,36,H,,
ground_states,Zr-salfan-H2-red-CL.out,Zr-salfan-H2-red-CL,Zr,red,CL,,37,H,,
ground_states,Zr-salfan-H2-red-CL.out,Zr-salfan-H2-red-CL,Zr,red,CL,,38,H,,
ground_states,Zr-salfan-H2-red-CL.out,Zr-salfan-H2-red-CL,Zr,red,CL,,39,H,,
ground_states,Zr-salfan-H2-red-CL.out,Zr-salfan-H2-red-CL,Zr,red,CL,,40,H,,
ground_states,Zr-salfan-H2-red-CL.out,Zr-salfan-H2-red-CL,Zr,red,CL,,41,H,,
ground_states,Zr-salfan-H2-red-CL.out,Zr-salfan-H2-red-CL,Zr,red,CL,,42,H,,
ground_states,Zr-salfan-H2-red-CL.out,Zr-salfan-H2-red-CL,Zr,red,CL,,43,H,,
ground_states,Zr-salfan-H2-red-CL.out,Zr-salfan-H2-red-CL,Zr,red,CL,,44,H,,
ground_states,Zr-salfan-H2-red-CL.out,Zr-salfan-H2-red-CL,Zr,red,CL,,45,H,,
ground_states,Zr-salfan-H2-red-CL.out,Zr-salfan-H2-red-CL,Zr,red,CL,,46,H,,
ground_states,Zr-salfan-H2-red-CL.out,Zr-salfan-H2-red-CL,Zr,red,CL,,47,H,,
ground_states,Zr-salfan-H2-red-CL.out,Zr-salfan-H2-red-CL,Zr,red,CL,,48,H,,
ground_states,Zr-salfan-H2-red-CL.out,Zr-salfan-H2-red-CL,Zr,red,CL,,49,H,,
ground_states,Zr-salfan-H2-red-CL.out,Zr-salfan-H2-red-CL,Zr,red,CL,,50,H,,
ground_states,Zr-salfan-H2-red-CL.out,Zr-salfan-H2-red-CL,Zr,red,CL,,51,H,,
ground_states,Zr-salfan-H2-red-CL.out,Zr-salfan-H2-red-CL,Zr,red,CL,,52,H,,
ground_states,Zr-salfan-H2-red-CL.out,Zr-salfan-H2-red-CL,Zr,red,CL,,53,C,,
ground_states,Zr-salfan-H2-red-CL.out,Zr-salfan-H2-red-CL,Zr,red,CL,,54,C,,
ground_states,Zr-salfan-H2-red-CL.out,Zr-salfan-H2-red-CL,Zr,red,CL,,55,C,,
ground_states,Zr-salfan-H2-red-CL.out,Zr-salfan-H2-red-CL,Zr,red,CL,,56,C,,
ground_states,Zr-salfan-H2-red-CL.out,Zr-salfan-H2-red-CL,Zr,red,CL,,57,H,,
ground_states,Zr-salfan-H2-red-CL.out,Zr-salfan-H2-red-CL,Zr,red,CL,,58,H,,
ground_states,Zr-salfan-H2-red-CL.out,Zr-salfan-H2-red-CL,Zr,red,CL,,59,H,,
ground_states,Zr-salfan-H2-red-CL.out,Zr-salfan-H2-red-CL,Zr,red,CL,,60,H,,
ground_states,Zr-salfan-H2-red-CL.out,Zr-salfan-H2-red-CL,Zr,red,CL,,61,H,,
ground_states,Zr-salfan-H2-red-CL.out,Zr-salfan-H2-red-CL,Zr,red,CL,,62,H,,
ground_states,Zr-salfan-H2-red-CL.out,Zr-salfan-H2-red-CL,Zr,red,CL,,63,H,,
ground_states,Zr-salfan-H2-red-CL.out,Zr-salfan-H2-red-CL,Zr,red,CL,,64,H,,
ground_states,Zr-salfan-H2-red-CL.out,Zr-salfan-H2-red-CL,Zr,red,CL,,65,H,,
ground_states,Zr-salfan-H2-red-CL.out,Zr-salfan-H2-red-CL,Zr,red,CL,,66,H,,
ground_states,Zr-salfan-H2-red-CL.out,Zr-salfan-H2-red-CL,Zr,red,CL,,67,H,,
ground_states,Zr-salfan-H2-red-CL.out,Zr-salfan-H2-red-CL,Zr,red,CL,,68,H,,
ground_states,Zr-salfan-H2-red-CL.out,Zr-salfan-H2-red-CL,Zr,red,CL,,69,H,,
ground_states,Zr-salfan-H2-red-CL.out,Zr-salfan-H2-red-CL,Zr,red,CL,,70,H,,
ground_states,Zr-salfan-H2-red-CL.out,Zr-salfan-H2-red-CL,Zr,red,CL,,71,H,,
ground_states,Zr-salfan-H2-red-CL.out,Zr-salfan-H2-red-CL,Zr,red,CL,,72,H,,
ground_states,Zr-salfan-H2-red-CL.out,Zr-salfan-H2-red-CL,Zr,red,CL,,73,H,,
ground_states,Zr-salfan-H2-red-CL.out,Zr-salfan-H2-red-CL,Zr,red,CL,,74,H,,
ground_states,Zr-salfan-H2-red-CL.out,Zr-salfan-H2-red-CL,Zr,red,CL,,75,O,monomer_O,
ground_states,Zr-salfan-H2-red-CL.out,Zr-salfan-H2-red-CL,Zr,red,CL,,76,C,monomer_C,
ground_states,Zr-salfan-H2-red-CL.out,Zr-salfan-H2-red-CL,Zr,red,CL,,77,C,monomer_C,
ground_states,Zr-salfan-H2-red-CL.out,Zr-salfan-H2-red-CL,Zr,red,CL,,78,O,monomer_O,
ground_states,Zr-salfan-H2-red-CL.out,Zr-salfan-H2-red-CL,Zr,red,CL,,79,C,monomer_C,
ground_states,Zr-salfan-H2-red-CL.out,Zr-salfan-H2-red-CL,Zr,red,CL,,80,H,,
ground_states,Zr-salfan-H2-red-CL.out,Zr-salfan-H2-red-CL,Zr,red,CL,,81,H,,
ground_states,Zr-salfan-H2-red-CL.out,Zr-salfan-H2-red-CL,Zr,red,CL,,82,C,monomer_C,
ground_states,Zr-salfan-H2-red-CL.out,Zr-salfan-H2-red-CL,Zr,red,CL,,83,C,monomer_C,
ground_states,Zr-salfan-H2-red-CL.out,Zr-salfan-H2-red-CL,Zr,red,CL,,84,H,,
ground_states,Zr-salfan-H2-red-CL.out,Zr-salfan-H2-red-CL,Zr,red,CL,,85,H,,
ground_states,Zr-salfan-H2-red-CL.out,Zr-salfan-H2-red-CL,Zr,red,CL,,86,C,monomer_C,
ground_states,Zr-salfan-H2-red-CL.out,Zr-salfan-H2-red-CL,Zr,red,CL,,87,H,,
ground_states,Zr-salfan-H2-red-CL.out,Zr-salfan-H2-red-CL,Zr,red,CL,,88,H,,
ground_states,Zr-salfan-H2-red-CL.out,Zr-salfan-H2-red-CL,Zr,red,CL,,89,H,,
ground_states,Zr-salfan-H2-red-CL.out,Zr-salfan-H2-red-CL,Zr,red,CL,,90,H,,
ground_states,Zr-salfan-H2-red-CL.out,Zr-salfan-H2-red-CL,Zr,red,CL,,91,H,,
ground_states,Zr-salfan-H2-red-CL.out,Zr-salfan-H2-red-CL,Zr,red,CL,,92,H,,
ground_states,Zr-salfan-ox-CL.out,Zr-salfan-ox-CL,Zr,ox,CL,,1,C,ferrocene_C,
ground_states,Zr-salfan-ox-CL.out,Zr-salfan-ox-CL,Zr,ox,CL,,2,C,ferrocene_C,
ground_states,Zr-salfan-ox-CL.out,Zr-salfan-ox-CL,Zr,ox,CL,,3,C,ferrocene_C,
ground_states,Zr-salfan-ox-CL.out,Zr-salfan-ox-CL,Zr,ox,CL,,4,C,ferrocene_C,
ground_states,Zr-salfan-ox-CL.out,Zr-salfan-ox-CL,Zr,ox,CL,,5,C,ferrocene_C,
ground_states,Zr-salfan-ox-CL.out,Zr-salfan-ox-CL,Zr,ox,CL,,6,Fe,ferrocene_Fe,
ground_states,Zr-salfan-ox-CL.out,Zr-salfan-ox-CL,Zr,ox,CL,,7,C,ferrocene_C,
ground_states,Zr-salfan-ox-CL.out,Zr-salfan-ox-CL,Zr,ox,CL,,8,C,ferrocene_C,
ground_states,Zr-salfan-ox-CL.out,Zr-salfan-ox-CL,Zr,ox,CL,,9,C,ferrocene_C,
ground_states,Zr-salfan-ox-CL.out,Zr-salfan-ox-CL,Zr,ox,CL,,10,C,ferrocene_C,
ground_states,Zr-salfan-ox-CL.out,Zr-salfan-ox-CL,Zr,ox,CL,,11,C,ferrocene_C,
ground_states,Zr-salfan-ox-CL.out,Zr-salfan-ox-CL,Zr,ox,CL,,12,N,donor_N,
ground_states,Zr-salfan-ox-CL.out,Zr-salfan-ox-CL,Zr,ox,CL,,13,C,,
ground_states,Zr-salfan-ox-CL.out,Zr-salfan-ox-CL,Zr,ox,CL,,14,N,donor_N,
ground_states,Zr-salfan-ox-CL.out,Zr-salfan-ox-CL,Zr,ox,CL,,15,C,,
ground_states,Zr-salfan-ox-CL.out,Zr-salfan-ox-CL,Zr,ox,CL,,16,Zr,metal_center,
ground_states,Zr-salfan-ox-CL.out,Zr-salfan-ox-CL,Zr,ox,CL,,17,O,alkoxide_O,
ground_states,Zr-salfan-ox-CL.out,Zr-salfan-ox-CL,Zr,ox,CL,,18,C,,
ground_states,Zr-salfan-ox-CL.out,Zr-salfan-ox-CL,Zr,ox,CL,,19,O,phenoxy_O,
ground_states,Zr-salfan-ox-CL.out,Zr-salfan-ox-CL,Zr,ox,CL,,20,C,,
ground_states,Zr-salfan-ox-CL.out,Zr-salfan-ox-CL,Zr,ox,CL,,21,C,,
ground_states,Zr-salfan-ox-CL.out,Zr-salfan-ox-CL,Zr,ox,CL,,22,C,,
ground_states,Zr-salfan-ox-CL.out,Zr-salfan-ox-CL,Zr,ox,CL,,23,C,,
ground_states,Zr-salfan-ox-CL.out,Zr-salfan-ox-CL,Zr,ox,CL,,24,C,,
ground_states,Zr-salfan-ox-CL.out,Zr-salfan-ox-CL,Zr,ox,CL,,25,C,,
ground_states,Zr-salfan-ox-CL.out,Zr-salfan-ox-CL,Zr,ox,CL,,26,C,,
ground_states,Zr-salfan-ox-CL.out,Zr-salfan-ox-CL,Zr,ox,CL,,27,O,phenoxy_O,
ground_states,Zr-salfan-ox-CL.out,Zr-salfan-ox-CL,Zr,ox,CL,,28,C,,
ground_states,Zr-salfan-ox-CL.out,Zr-salfan-ox-CL,Zr,ox,CL,,29,C,,
ground_states,Zr-salfan-ox-CL.out,Zr-salfan-ox-CL,Zr,ox,CL,,30,C,,
ground_states,Zr-salfan-ox-CL.out,Zr-salfan-ox-CL,Zr,ox,CL,,31,C,,
ground_states,Zr-salfan-ox-CL.out,Zr-salfan-ox-CL,Zr,ox,CL,,32,C,,
ground_states,Zr-salfan-ox-CL.out,Zr-salfan-ox-CL,Zr,ox,CL,,33,C,,
ground_states,Zr-salfan-ox-CL.out,Zr-salfan-ox-CL,Zr,ox,CL,,34,C,,
ground_states,Zr-salfan-ox-CL.out,Zr-salfan-ox-CL,Zr,ox,CL,,35,O,alkoxide_O,
ground_states,Zr-salfan-ox-CL.out,Zr-salfan-ox-CL,Zr,ox,CL,,36,C,,
ground_states,Zr-salfan-ox-CL.out,Zr-salfan-ox-CL,Zr,ox,CL,,37,H,,
ground_states,Zr-salfan-ox-CL.out,Zr-salfan-ox-CL,Zr,ox,CL,,38,H,,
ground_states,Zr-salfan-ox-CL.out,Zr-salfan-ox-CL,Zr,ox,CL,,39,H,,
ground_states,Zr-salfan-ox-CL.out,Zr-salfan-ox-CL,Zr,ox,CL,,40,H,,
ground_states,Zr-salfan-ox-CL.out,Zr-salfan-ox-CL,Zr,ox,CL,,41,H,,
ground_states,Zr-salfan-ox-CL.out,Zr-salfan-ox-CL,Zr,ox,CL,,42,H,,
ground_states,Zr-salfan-ox-CL.out,Zr-salfan-ox-CL,Zr,ox,CL,,43,H,,
ground_states,Zr-salfan-ox-CL.out,Zr-salfan-ox-CL,Zr,ox,CL,,44,H,,
ground_states,Zr-salfan-ox-CL.out,Zr-salfan-ox-CL,Zr,ox,CL,,45,H,,
ground_states,Zr-salfan-ox-CL.out,Zr-salfan-ox-CL,Zr,ox,CL,,46,H,,
ground_states,Zr-salfan-ox-CL.out,Zr-salfan-ox-CL,Zr,ox,CL,,47,H,,
ground_states,Zr-salfan-ox-CL.out,Zr-salfan-ox-CL,Zr,ox,CL,,48,H,,
ground_states,Zr-salfan-ox-CL.out,Zr-salfan-ox-CL,Zr,ox,CL,,49,H,,
ground_states,Zr-salfan-ox-CL.out,Zr-salfan-ox-CL,Zr,ox,CL,,50,H,,
ground_states,Zr-salfan-ox-CL.out,Zr-salfan-ox-CL,Zr,ox,CL,,51,H,,
ground_states,Zr-salfan-ox-CL.out,Zr-salfan-ox-CL,Zr,ox,CL,,52,H,,
ground_states,Zr-salfan-ox-CL.out,Zr-salfan-ox-CL,Zr,ox,CL,,53,H,,
ground_states,Zr-salfan-ox-CL.out,Zr-salfan-ox-CL,Zr,ox,CL,,54,H,,
ground_states,Zr-salfan-ox-CL.out,Zr-salfan-ox-CL,Zr,ox,CL,,55,H,,
ground_states,Zr-salfan-ox-CL.out,Zr-salfan-ox-CL,Zr,ox,CL,,56,H,,
ground_states,Zr-salfan-ox-CL.out,Zr-salfan-ox-CL,Zr,ox,CL,,57,H,,
ground_states,Zr-salfan-ox-CL.out,Zr-salfan-ox-CL,Zr,ox,CL,,58,H,,
ground_states,Zr-salfan-ox-CL.out,Zr-salfan-ox-CL,Zr,ox,CL,,59,C,,
ground_states,Zr-salfan-ox-CL.out,Zr-salfan-ox-CL,Zr,ox,CL,,60,C,,
ground_states,Zr-salfan-ox-CL.out,Zr-salfan-ox-CL,Zr,ox,CL,,61,C,,
ground_states,Zr-salfan-ox-CL.out,Zr-salfan-ox-CL,Zr,ox,CL,,62,C,,
ground_states,Zr-salfan-ox-CL.out,Zr-salfan-ox-CL,Zr,ox,CL,,63,H,,
ground_states,Zr-salfan-ox-CL.out,Zr-salfan-ox-CL,Zr,ox,CL,,64,H,,
ground_states,Zr-salfan-ox-CL.out,Zr-salfan-ox-CL,Zr,ox,CL,,65,H,,
ground_states,Zr-salfan-ox-CL.out,Zr-salfan-ox-CL,Zr,ox,CL,,66,C,monomer_C,
ground_states,Zr-salfan-ox-CL.out,Zr-salfan-ox-CL,Zr,ox,CL,,67,C,monomer_C,
ground_states,Zr-salfan-ox-CL.out,Zr-salfan-ox-CL,Zr,ox,CL,,68,C,monomer_C,
ground_states,Zr-salfan-ox-CL.out,Zr-salfan-ox-CL,Zr,ox,CL,,69,C,monomer_C,
ground_states,Zr-salfan-ox-CL.out,Zr-salfan-ox-CL,Zr,ox,CL,,70,C,monomer_C,
ground_states,Zr-salfan-ox-CL.out,Zr-salfan-ox-CL,Zr,ox,CL,,71,H,,
ground_states,Zr-salfan-ox-CL.out,Zr-salfan-ox-CL,Zr,ox,CL,,72,H,,
ground_states,Zr-salfan-ox-CL.out,Zr-salfan-ox-CL,Zr,ox,CL,,73,H,,
ground_states,Zr-salfan-ox-CL.out,Zr-salfan-ox-CL,Zr,ox,CL,,74,H,,
ground_states,Zr-salfan-ox-CL.out,Zr-salfan-ox-CL,Zr,ox,CL,,75,H,,
ground_states,Zr-salfan-ox-CL.out,Zr-salfan-ox-CL,Zr,ox,CL,,76,H,,
ground_states,Zr-salfan-ox-CL.out,Zr-salfan-ox-CL,Zr,ox,CL,,77,H,,
ground_states,Zr-salfan-ox-CL.out,Zr-salfan-ox-CL,Zr,ox,CL,,78,H,,
ground_states,Zr-salfan-ox-CL.out,Zr-salfan-ox-CL,Zr,ox,CL,,79,H,,
ground_states,Zr-salfan-ox-CL.out,Zr-salfan-ox-CL,Zr,ox,CL,,80,H,,
ground_states,Zr-salfan-ox-CL.out,Zr-salfan-ox-CL,Zr,ox,CL,,81,C,monomer_C,
ground_states,Zr-salfan-ox-CL.out,Zr-salfan-ox-CL,Zr,ox,CL,,82,O,monomer_O,
ground_states,Zr-salfan-ox-CL.out,Zr-salfan-ox-CL,Zr,ox,CL,,83,O,monomer_O,
ground_states,Zr-salfan-ox-CL.out,Zr-salfan-ox-CL,Zr,ox,CL,,84,H,,
ground_states,Zr-salfan-ox-CL.out,Zr-salfan-ox-CL,Zr,ox,CL,,85,H,,
ground_states,Zr-salfan-ox-CL.out,Zr-salfan-ox-CL,Zr,ox,CL,,86,H,,
ground_states,Zr-salfan-ox-CL.out,Zr-salfan-ox-CL,Zr,ox,CL,,87,H,,
ground_states,Zr-salfan-ox-CL.out,Zr-salfan-ox-CL,Zr,ox,CL,,88,H,,
ground_states,Zr-salfan-ox-CL.out,Zr-salfan-ox-CL,Zr,ox,CL,,89,H,,
ground_states,Zr-salfan-ox-CL.out,Zr-salfan-ox-CL,Zr,ox,CL,,90,H,,
ground_states,Zr-salfan-ox-CL.out,Zr-salfan-ox-CL,Zr,ox,CL,,91,H,,
ground_states,Zr-salfan-ox-CL.out,Zr-salfan-ox-CL,Zr,ox,CL,,92,H,,
ground_states,Zr-salfan-ox-CL.out,Zr-salfan-ox-CL,Zr,ox,CL,,93,H,,
ground_states,Zr-salfan-ox-CL.out,Zr-salfan-ox-CL,Zr,ox,CL,,94,H,,
ground_states,Zr-salfan-ox-CL.out,Zr-salfan-ox-CL,Zr,ox,CL,,95,H,,
ground_states,Zr-salfan-ox-CL.out,Zr-salfan-ox-CL,Zr,ox,CL,,96,H,,
ground_states,Zr-salfan-ox-CL.out,Zr-salfan-ox-CL,Zr,ox,CL,,97,H,,
ground_states,Zr-salfan-ox-CL.out,Zr-salfan-ox-CL,Zr,ox,CL,,98,H,,
ground_states,Zr-salfan-red-CL.out,Zr-salfan-red-CL,Zr,red,CL,,1,C,ferrocene_C,
ground_states,Zr-salfan-red-CL.out,Zr-salfan-red-CL,Zr,red,CL,,2,C,ferrocene_C,
ground_states,Zr-salfan-red-CL.out,Zr-salfan-red-CL,Zr,red,CL,,3,C,ferrocene_C,
ground_states,Zr-salfan-red-CL.out,Zr-salfan-red-CL,Zr,red,CL,,4,C,ferrocene_C,
ground_states,Zr-salfan-red-CL.out,Zr-salfan-red-CL,Zr,red,CL,,5,C,ferrocene_C,
ground_states,Zr-salfan-red-CL.out,Zr-salfan-red-CL,Zr,red,CL,,6,Fe,ferrocene_Fe,
ground_states,Zr-salfan-red-CL.out,Zr-salfan-red-CL,Zr,red,CL,,7,C,ferrocene_C,
ground_states,Zr-salfan-red-CL.out,Zr-salfan-red-CL,Zr,red,CL,,8,C,ferrocene_C,
ground_states,Zr-salfan-red-CL.out,Zr-salfan-red-CL,Zr,red,CL,,9,C,ferrocene_C,
ground_states,Zr-salfan-red-CL.out,Zr-salfan-red-CL,Zr,red,CL,,10,C,ferrocene_C,
ground_states,Zr-salfan-red-CL.out,Zr-salfan-red-CL,Zr,red,CL,,11,C,ferrocene_C,
ground_states,Zr-salfan-red-CL.out,Zr-salfan-red-CL,Zr,red,CL,,12,N,donor_N,
ground_states,Zr-salfan-red-CL.out,Zr-salfan-red-CL,Zr,red,CL,,13,C,,
ground_states,Zr-salfan-red-CL.out,Zr-salfan-red-CL,Zr,red,CL,,14,N,donor_N,
ground_states,Zr-salfan-red-CL.out,Zr-salfan-red-CL,Zr,red,CL,,15,C,,
ground_states,Zr-salfan-red-CL.out,Zr-salfan-red-CL,Zr,red,CL,,16,Zr,metal_center,
ground_states,Zr-salfan-red-CL.out,Zr-salfan-red-CL,Zr,red,CL,,17,O,alkoxide_O,
ground_states,Zr-salfan-red-CL.out,Zr-salfan-red-CL,Zr,red,CL,,18,C,,
ground_states,Zr-salfan-red-CL.out,Zr-salfan-red-CL,Zr,red,CL,,19,O,phenoxy_O,
ground_states,Zr-salfan-red-CL.out,Zr-salfan-red-CL,Zr,red,CL,,20,C,,
ground_states,Zr-salfan-red-CL.out,Zr-salfan-red-CL,Zr,red,CL,,21,C,,
ground_states,Zr-salfan-red-CL.out,Zr-salfan-red-CL,Zr,red,CL,,22,C,,
ground_states,Zr-salfan-red-CL.out,Zr-salfan-red-CL,Zr,red,CL,,23,C,,
ground_states,Zr-salfan-red-CL.out,Zr-salfan-red-CL,Zr,red,CL,,24,C,,
ground_states,Zr-salfan-red-CL.out,Zr-salfan-red-CL,Zr,red,CL,,25,C,,
ground_states,Zr-salfan-red-CL.out,Zr-salfan-red-CL,Zr,red,CL,,26,C,,
ground_states,Zr-salfan-red-CL.out,Zr-salfan-red-CL,Zr,red,CL,,27,O,phenoxy_O,
ground_states,Zr-salfan-red-CL.out,Zr-salfan-red-CL,Zr,red,CL,,28,C,,
ground_states,Zr-salfan-red-CL.out,Zr-salfan-red-CL,Zr,red,CL,,29,C,,
ground_states,Zr-salfan-red-CL.out,Zr-salfan-red-CL,Zr,red,CL,,30,C,,
ground_states,Zr-salfan-red-CL.out,Zr-salfan-red-CL,Zr,red,CL,,31,C,,
ground_states,Zr-salfan-red-CL.out,Zr-salfan-red-CL,Zr,red,CL,,32,C,,
ground_states,Zr-salfan-red-CL.out,Zr-salfan-red-CL,Zr,red,CL,,33,C,,
ground_states,Zr-salfan-red-CL.out,Zr-salfan-red-CL,Zr,red,CL,,34,C,,
ground_states,Zr-salfan-red-CL.out,Zr-salfan-red-CL,Zr,red,CL,,35,O,alkoxide_O,
ground_states,Zr-salfan-red-CL.out,Zr-salfan-red-CL,Zr,red,CL,,36,C,,
ground_states,Zr-salfan-red-CL.out,Zr-salfan-red-CL,Zr,red,CL,,37,H,,
ground_states,Zr-salfan-red-CL.out,Zr-salfan-red-CL,Zr,red,CL,,38,H,,
ground_states,Zr-salfan-red-CL.out,Zr-salfan-red-CL,Zr,red,CL,,39,H,,
ground_states,Zr-salfan-red-CL.out,Zr-salfan-red-CL,Zr,red,CL,,40,H,,
ground_states,Zr-salfan-red-CL.out,Zr-salfan-red-CL,Zr,red,CL,,41,H,,
ground_states,Zr-salfan-red-CL.out,Zr-salfan-red-CL,Zr,red,CL,,42,H,,
ground_states,Zr-salfan-red-CL.out,Zr-salfan-red-CL,Zr,red,CL,,43,H,,
ground_states,Zr-salfan-red-CL.out,Zr-salfan-red-CL,Zr,red,CL,,44,H,,
ground_states,Zr-salfan-red-CL.out,Zr-salfan-red-CL,Zr,red,CL,,45,H,,
ground_states,Zr-salfan-red-CL.out,Zr-salfan-red-CL,Zr,red,CL,,46,H,,
ground_states,Zr-salfan-red-CL.out,Zr-salfan-red-CL,Zr,red,CL,,47,H,,
ground_states,Zr-salfan-red-CL.out,Zr-salfan-red-CL,Zr,red,CL,,48,H,,
ground_states,Zr-salfan-red-CL.out,Zr-salfan-red-CL,Zr,red,CL,,49,H,,
ground_states,Zr-salfan-red-CL.out,Zr-salfan-red-CL,Zr,red,CL,,50,H,,
ground_states,Zr-salfan-red-CL.out,Zr-salfan-red-CL,Zr,red,CL,,51,H,,
ground_states,Zr-salfan-red-CL.out,Zr-salfan-red-CL,Zr,red,CL,,52,H,,
ground_states,Zr-salfan-red-CL.out,Zr-salfan-red-CL,Zr,red,CL,,53,H,,
ground_states,Zr-salfan-red-CL.out,Zr-salfan-red-CL,Zr,red,CL,,54,H,,
ground_states,Zr-salfan-red-CL.out,Zr-salfan-red-CL,Zr,red,CL,,55,H,,
ground_states,Zr-salfan-red-CL.out,Zr-salfan-red-CL,Zr,red,CL,,56,H,,
ground_states,Zr-salfan-red-CL.out,Zr-salfan-red-CL,Zr,red,CL,,57,H,,
ground_states,Zr-salfan-red-CL.out,Zr-salfan-red-CL,Zr,red,CL,,58,H,,
ground_states,Zr-salfan-red-CL.out,Zr-salfan-red-CL,Zr,red,CL,,59,C,,
ground_states,Zr-salfan-red-CL.out,Zr-salfan-red-CL,Zr,red,CL,,60,C,,
ground_states,Zr-salfan-red-CL.out,Zr-salfan-red-CL,Zr,red,CL,,61,C,,
ground_states,Zr-salfan-red-CL.out,Zr-salfan-red-CL,Zr,red,CL,,62,C,,
ground_states,Zr-salfan-red-CL.out,Zr-salfan-red-CL,Zr,red,CL,,63,H,,
ground_states,Zr-salfan-red-CL.out,Zr-salfan-red-CL,Zr,red,CL,,64,H,,
ground_states,Zr-salfan-red-CL.out,Zr-salfan-red-CL,Zr,red,CL,,65,H,,
ground_states,Zr-salfan-red-CL.out,Zr-salfan-red-CL,Zr,red,CL,,66,C,monomer_C,
ground_states,Zr-salfan-red-CL.out,Zr-salfan-red-CL,Zr,red,CL,,67,C,monomer_C,
ground_states,Zr-salfan-red-CL.out,Zr-salfan-red-CL,Zr,red,CL,,68,C,monomer_C,
ground_states,Zr-salfan-red-CL.out,Zr-salfan-red-CL,Zr,red,CL,,69,C,monomer_C,
ground_states,Zr-salfan-red-CL.out,Zr-salfan-red-CL,Zr,red,CL,,70,C,monomer_C,
ground_states,Zr-salfan-red-CL.out,Zr-salfan-red-CL,Zr,red,CL,,71,H,,
ground_states,Zr-salfan-red-CL.out,Zr-salfan-red-CL,Zr,red,CL,,72,H,,
ground_states,Zr-salfan-red-CL.out,Zr-salfan-red-CL,Zr,red,CL,,73,H,,
ground_states,Zr-salfan-red-CL.out,Zr-salfan-red-CL,Zr,red,CL,,74,H,,
ground_states,Zr-salfan-red-CL.out,Zr-salfan-red-CL,Zr,red,CL,,75,H,,
ground_states,Zr-salfan-red-CL.out,Zr-salfan-red-CL,Zr,red,CL,,76,H,,
ground_states,Zr-salfan-red-CL.out,Zr-salfan-red-CL,Zr,red,CL,,77,H,,
ground_states,Zr-salfan-red-CL.out,Zr-salfan-red-CL,Zr,red,CL,,78,H,,
ground_states,Zr-salfan-red-CL.out,Zr-salfan-red-CL,Zr,red,CL,,79,H,,
ground_states,Zr-salfan-red-CL.out,Zr-salfan-red-CL,Zr,red,CL,,80,H,,
ground_states,Zr-salfan-red-CL.out,Zr-salfan-red-CL,Zr,red,CL,,81,C,monomer_C,
ground_states,Zr-salfan-red-CL.out,Zr-salfan-red-CL,Zr,red,CL,,82,O,monomer_O,
ground_states,Zr-salfan-red-CL.out,Zr-salfan-red-CL,Zr,red,CL,,83,O,monomer_O,
ground_states,Zr-salfan-red-CL.out,Zr-salfan-red-CL,Zr,red,CL,,84,H,,
ground_states,Zr-salfan-red-CL.out,Zr-salfan-red-CL,Zr,red,CL,,85,H,,
ground_states,Zr-salfan-red-CL.out,Zr-salfan-red-CL,Zr,red,CL,,86,H,,
ground_states,Zr-salfan-red-CL.out,Zr-salfan-red-CL,Zr,red,CL,,87,H,,
ground_states,Zr-salfan-red-CL.out,Zr-salfan-red-CL,Zr,red,CL,,88,H,,
ground_states,Zr-salfan-red-CL.out,Zr-salfan-red-CL,Zr,red,CL,,89,H,,
ground_states,Zr-salfan-red-CL.out,Zr-salfan-red-CL,Zr,red,CL,,90,H,,
ground_states,Zr-salfan-red-CL.out,Zr-salfan-red-CL,Zr,red,CL,,91,H,,
ground_states,Zr-salfan-red-CL.out,Zr-salfan-red-CL,Zr,red,CL,,92,H,,
ground_states,Zr-salfan-red-CL.out,Zr-salfan-red-CL,Zr,red,CL,,93,H,,
ground_states,Zr-salfan-red-CL.out,Zr-salfan-red-CL,Zr,red,CL,,94,H,,
ground_states,Zr-salfan-red-CL.out,Zr-salfan-red-CL,Zr,red,CL,,95,H,,
ground_states,Zr-salfan-red-CL.out,Zr-salfan-red-CL,Zr,red,CL,,96,H,,
ground_states,Zr-salfan-red-CL.out,Zr-salfan-red-CL,Zr,red,CL,,97,H,,
ground_states,Zr-salfan-red-CL.out,Zr-salfan-red-CL,Zr,red,CL,,98,H,,
ground_states,Zr-salfen-ox-CL.out,Zr-salfen-ox-CL,Zr,ox,CL,,1,Zr,metal_center,
ground_states,Zr-salfen-ox-CL.out,Zr-salfen-ox-CL,Zr,ox,CL,,2,Fe,ferrocene_Fe,
ground_states,Zr-salfen-ox-CL.out,Zr-salfen-ox-CL,Zr,ox,CL,,3,O,alkoxide_O,
ground_states,Zr-salfen-ox-CL.out,Zr-salfen-ox-CL,Zr,ox,CL,,4,O,phenoxy_O,
ground_states,Zr-salfen-ox-CL.out,Zr-salfen-ox-CL,Zr,ox,CL,,5,N,donor_N,
ground_states,Zr-salfen-ox-CL.out,Zr-salfen-ox-CL,Zr,ox,CL,,6,C,ferrocene_C,
ground_states,Zr-salfen-ox-CL.out,Zr-salfen-ox-CL,Zr,ox,CL,,7,C,ferrocene_C,
ground_states,Zr-salfen-ox-CL.out,Zr-salfen-ox-CL,Zr,ox,CL,,8,H,,
ground_states,Zr-salfen-ox-CL.out,Zr-salfen-ox-CL,Zr,ox,CL,,9,C,ferrocene_C,
ground_states,Zr-salfen-ox-CL.out,Zr-salfen-ox-CL,Zr,ox,CL,,10,H,,
ground_states,Zr-salfen-ox-CL.out,Zr-salfen-ox-CL,Zr,ox,CL,,11,C,ferrocene_C,
ground_states,Zr-salfen-ox-CL.out,Zr-salfen-ox-CL,Zr,ox,CL,,12,H,,
ground_states,Zr-salfen-ox-CL.out,Zr-salfen-ox-CL,Zr,ox,CL,,13,C,ferrocene_C,
ground_states,Zr-salfen-ox-CL.out,Zr-salfen-ox-CL,Zr,ox,CL,,14,H,,
ground_states,Zr-salfen-ox-CL.out,Zr-salfen-ox-CL,Zr,ox,CL,,15,C,,
ground_states,Zr-salfen-ox-CL.out,Zr-salfen-ox-CL,Zr,ox,CL,,16,H,,
ground_states,Zr-salfen-ox-CL.out,Zr-salfen-ox-CL,Zr,ox,CL,,17,C,,
ground_states,Zr-salfen-ox-CL.out,Zr-salfen-ox-CL,Zr,ox,CL,,18,C,,
ground_states,Zr-salfen-ox-CL.out,Zr-salfen-ox-CL,Zr,ox,CL,,19,C,,
ground_states,Zr-salfen-ox-CL.out,Zr-salfen-ox-CL,Zr,ox,CL,,20,C,,
ground_states,Zr-salfen-ox-CL.out,Zr-salfen-ox-CL,Zr,ox,CL,,21,H,,
ground_states,Zr-salfen-ox-CL.out,Zr-salfen-ox-CL,Zr,ox,CL,,22,C,,
ground_states,Zr-salfen-ox-CL.out,Zr-salfen-ox-CL,Zr,ox,CL,,23,C,,
ground_states,Zr-salfen-ox-CL.out,Zr-salfen-ox-CL,Zr,ox,CL,,24,H,,
ground_states,Zr-salfen-ox-CL.out,Zr-salfen-ox-CL,Zr,ox,CL,,25,C,,
ground_states,Zr-salfen-ox-CL.out,Zr-salfen-ox-CL,Zr,ox,CL,,26,C,,
ground_states,Zr-salfen-ox-CL.out,Zr-salfen-ox-CL,Zr,ox,CL,,27,C,,
ground_states,Zr-salfen-ox-CL.out,Zr-salfen-ox-CL,Zr,ox,CL,,28,H,,
ground_states,Zr-salfen-ox-CL.out,Zr-salfen-ox-CL,Zr,ox,CL,,29,O,alkoxide_O,
ground_states,Zr-salfen-ox-CL.out,Zr-salfen-ox-CL,Zr,ox,CL,,30,O,phenoxy_O,
ground_states,Zr-salfen-ox-CL.out,Zr-salfen-ox-CL,Zr,ox,CL,,31,N,donor_N,
ground_states,Zr-salfen-ox-CL.out,Zr-salfen-ox-CL,Zr,ox,CL,,32,C,ferrocene_C,
ground_states,Zr-salfen-ox-CL.out,Zr-salfen-ox-CL,Zr,ox,CL,,33,C,ferrocene_C,
ground_states,Zr-salfen-ox-CL.out,Zr-salfen-ox-CL,Zr,ox,CL,,34,H,,
ground_states,Zr-salfen-ox-CL.out,Zr-salfen-ox-CL,Zr,ox,CL,,35,C,ferrocene_C,
ground_states,Zr-salfen-ox-CL.out,Zr-salfen-ox-CL,Zr,ox,CL,,36,H,,
ground_states,Zr-salfen-ox-CL.out,Zr-salfen-ox-CL,Zr,ox,CL,,37,C,ferrocene_C,
ground_states,Zr-salfen-ox-CL.out,Zr-salfen-ox-CL,Zr,ox,CL,,38,H,,
ground_states,Zr-salfen-ox-CL.out,Zr-salfen-ox-CL,Zr,ox,CL,,39,C,ferrocene_C,
ground_states,Zr-salfen-ox-CL.out,Zr-salfen-ox-CL,Zr,ox,CL,,40,H,,
ground_states,Zr-salfen-ox-CL.out,Zr-salfen-ox-CL,Zr,ox,CL,,41,C,,
ground_states,Zr-salfen-ox-CL.out,Zr-salfen-ox-CL,Zr,ox,CL,,42,H,,
ground_states,Zr-salfen-ox-CL.out,Zr-salfen-ox-CL,Zr,ox,CL,,43,C,,
ground_states,Zr-salfen-ox-CL.out,Zr-salfen-ox-CL,Zr,ox,CL,,44,C,,
ground_states,Zr-salfen-ox-CL.out,Zr-salfen-ox-CL,Zr,ox,CL,,45,C,,
ground_states,Zr-salfen-ox-CL.out,Zr-salfen-ox-CL,Zr,ox,CL,,46,C,,
ground_states,Zr-salfen-ox-CL.out,Zr-salfen-ox-CL,Zr,ox,CL,,47,H,,
ground_states,Zr-salfen-ox-CL.out,Zr-salfen-ox-CL,Zr,ox,CL,,48,C,,
ground_states,Zr-salfen-ox-CL.out,Zr-salfen-ox-CL,Zr,ox,CL,,49,C,,
ground_states,Zr-salfen-ox-CL.out,Zr-salfen-ox-CL,Zr,ox,CL,,50,H,,
ground_states,Zr-salfen-ox-CL.out,Zr-salfen-ox-CL,Zr,ox,CL,,51,C,,
ground_states,Zr-salfen-ox-CL.out,Zr-salfen-ox-CL,Zr,ox,CL,,52,C,,
ground_states,Zr-salfen-ox-CL.out,Zr-salfen-ox-CL,Zr,ox,CL,,53,C,,
ground_states,Zr-salfen-ox-CL.out,Zr-salfen-ox-CL,Zr,ox,CL,,54,H,,
ground_states,Zr-salfen-ox-CL.out,Zr-salfen-ox-CL,Zr,ox,CL,,55,H,,
ground_states,Zr-salfen-ox-CL.out,Zr-salfen-ox-CL,Zr,ox,CL,,56,H,,
ground_states,Zr-salfen-ox-CL.out,Zr-salfen-ox-CL,Zr,ox,CL,,57,H,,
ground_states,Zr-salfen-ox-CL.out,Zr-salfen-ox-CL,Zr,ox,CL,,58,H,,
ground_states,Zr-salfen-ox-CL.out,Zr-salfen-ox-CL,Zr,ox,CL,,59,H,,
ground_states,Zr-salfen-ox-CL.out,Zr-salfen-ox-CL,Zr,ox,CL,,60,H,,
ground_states,Zr-salfen-ox-CL.out,Zr-salfen-ox-CL,Zr,ox,CL,,61,H,,
ground_states,Zr-salfen-ox-CL.out,Zr-salfen-ox-CL,Zr,ox,CL,,62,H,,
ground_states,Zr-salfen-ox-CL.out,Zr-salfen-ox-CL,Zr,ox,CL,,63,H,,
ground_states,Zr-salfen-ox-CL.out,Zr-salfen-ox-CL,Zr,ox,CL,,64,H,,
ground_states,Zr-salfen-ox-CL.out,Zr-salfen-ox-CL,Zr,ox,CL,,65,H,,
ground_states,Zr-salfen-ox-CL.out,Zr-salfen-ox-CL,Zr,ox,CL,,66,H,,
ground_states,Zr-salfen-ox-CL.out,Zr-salfen-ox-CL,Zr,ox,CL,,67,H,,
ground_states,Zr-salfen-ox-CL.out,Zr-salfen-ox-CL,Zr,ox,CL,,68,H,,
ground_states,Zr-salfen-ox-CL.out,Zr-salfen-ox-CL,Zr,ox,CL,,69,H,,
ground_states,Zr-salfen-ox-CL.out,Zr-salfen-ox-CL,Zr,ox,CL,,70,H,,
ground_states,Zr-salfen-ox-CL.out,Zr-salfen-ox-CL,Zr,ox,CL,,71,O,monomer_O,
ground_states,Zr-salfen-ox-CL.out,Zr-salfen-ox-CL,Zr,ox,CL,,72,C,monomer_C,
ground_states,Zr-salfen-ox-CL.out,Zr-salfen-ox-CL,Zr,ox,CL,,73,C,monomer_C,
ground_states,Zr-salfen-ox-CL.out,Zr-salfen-ox-CL,Zr,ox,CL,,74,O,monomer_O,
ground_states,Zr-salfen-ox-CL.out,Zr-salfen-ox-CL,Zr,ox,CL,,75,C,monomer_C,
ground_states,Zr-salfen-ox-CL.out,Zr-salfen-ox-CL,Zr,ox,CL,,76,H,,
ground_states,Zr-salfen-ox-CL.out,Zr-salfen-ox-CL,Zr,ox,CL,,77,H,,
ground_states,Zr-salfen-ox-CL.out,Zr-salfen-ox-CL,Zr,ox,CL,,78,C,monomer_C,
ground_states,Zr-salfen-ox-CL.out,Zr-salfen-ox-CL,Zr,ox,CL,,79,C,monomer_C,
ground_states,Zr-salfen-ox-CL.out,Zr-salfen-ox-CL,Zr,ox,CL,,80,H,,
ground_states,Zr-salfen-ox-CL.out,Zr-salfen-ox-CL,Zr,ox,CL,,81,H,,
ground_states,Zr-salfen-ox-CL.out,Zr-salfen-ox-CL,Zr,ox,CL,,82,C,monomer_C,
ground_states,Zr-salfen-ox-CL.out,Zr-salfen-ox-CL,Zr,ox,CL,,83,H,,
ground_states,Zr-salfen-ox-CL.out,Zr-salfen-ox-CL,Zr,ox,CL,,84,H,,
ground_states,Zr-salfen-ox-CL.out,Zr-salfen-ox-CL,Zr,ox,CL,,85,H,,
ground_states,Zr-salfen-ox-CL.out,Zr-salfen-ox-CL,Zr,ox,CL,,86,H,,
ground_states,Zr-salfen-ox-CL.out,Zr-salfen-ox-CL,Zr,ox,CL,,87,H,,
ground_states,Zr-salfen-ox-CL.out,Zr-salfen-ox-CL,Zr,ox,CL,,88,H,,
ground_states,Zr-salfen-red-CL.out,Zr-salfen-red-CL,Zr,red,CL,,1,Zr,metal_center,
ground_states,Zr-salfen-red-CL.out,Zr-salfen-red-CL,Zr,red,CL,,2,Fe,ferrocene_Fe,
ground_states,Zr-salfen-red-CL.out,Zr-salfen-red-CL,Zr,red,CL,,3,O,alkoxide_O,
ground_states,Zr-salfen-red-CL.out,Zr-salfen-red-CL,Zr,red,CL,,4,O,phenoxy_O,
ground_states,Zr-salfen-red-CL.out,Zr-salfen-red-CL,Zr,red,CL,,5,N,donor_N,
ground_states,Zr-salfen-red-CL.out,Zr-salfen-red-CL,Zr,red,CL,,6,C,ferrocene_C,
ground_states,Zr-salfen-red-CL.out,Zr-salfen-red-CL,Zr,red,CL,,7,C,ferrocene_C,
ground_states,Zr-salfen-red-CL.out,Zr-salfen-red-CL,Zr,red,CL,,8,H,,
ground_states,Zr-salfen-red-CL.out,Zr-salfen-red-CL,Zr,red,CL,,9,C,ferrocene_C,
ground_states,Zr-salfen-red-CL.out,Zr-salfen-red-CL,Zr,red,CL,,10,H,,
ground_states,Zr-salfen-red-CL.out,Zr-salfen-red-CL,Zr,red,CL,,11,C,ferrocene_C,
ground_states,Zr-salfen-red-CL.out,Zr-salfen-red-CL,Zr,red,CL,,12,H,,
ground_states,Zr-salfen-red-CL.out,Zr-salfen-red-CL,Zr,red,CL,,13,C,ferrocene_C,
ground_states,Zr-salfen-red-CL.out,Zr-salfen-red-CL,Zr,red,CL,,14,H,,
ground_states,Zr-salfen-red-CL.out,Zr-salfen-red-CL,Zr,red,CL,,15,C,,
ground_states,Zr-salfen-red-CL.out,Zr-salfen-red-CL,Zr,red,CL,,16,H,,
ground_states,Zr-salfen-red-CL.out,Zr-salfen-red-CL,Zr,red,CL,,17,C,,
ground_states,Zr-salfen-red-CL.out,Zr-salfen-red-CL,Zr,red,CL,,18,C,,
ground_states,Zr-salfen-red-CL.out,Zr-salfen-red-CL,Zr,red,CL,,19,C,,
ground_states,Zr-salfen-red-CL.out,Zr-salfen-red-CL,Zr,red,CL,,20,C,,
ground_states,Zr-salfen-red-CL.out,Zr-salfen-red-CL,Zr,red,CL,,21,H,,
ground_states,Zr-salfen-red-CL.out,Zr-salfen-red-CL,Zr,red,CL,,22,C,,
ground_states,Zr-salfen-red-CL.out,Zr-salfen-red-CL,Zr,red,CL,,23,C,,
ground_states,Zr-salfen-red-CL.out,Zr-salfen-red-CL,Zr,red,CL,,24,H,,
ground_states,Zr-salfen-red-CL.out,Zr-salfen-red-CL,Zr,red,CL,,25,C,,
ground_states,Zr-salfen-red-CL.out,Zr-salfen-red-CL,Zr,red,CL,,26,C,,
ground_states,Zr-salfen-red-CL.out,Zr-salfen-red-CL,Zr,red,CL,,27,C,,
ground_states,Zr-salfen-red-CL.out,Zr-salfen-red-CL,Zr,red,CL,,28,H,,
ground_states,Zr-salfen-red-CL.out,Zr-salfen-red-CL,Zr,red,CL,,29,O,alkoxide_O,
ground_states,Zr-salfen-red-CL.out,Zr-salfen-red-CL,Zr,red,CL,,30,O,phenoxy_O,
ground_states,Zr-salfen-red-CL.out,Zr-salfen-red-CL,Zr,red,CL,,31,N,donor_N,
ground_states,Zr-salfen-red-CL.out,Zr-salfen-red-CL,Zr,red,CL,,32,C,ferrocene_C,
ground_states,Zr-salfen-red-CL.out,Zr-salfen-red-CL,Zr,red,CL,,33,C,ferrocene_C,
ground_states,Zr-salfen-red-CL.out,Zr-salfen-red-CL,Zr,red,CL,,34,H,,
ground_states,Zr-salfen-red-CL.out,Zr-salfen-red-CL,Zr,red,CL,,35,C,ferrocene_C,
ground_states,Zr-salfen-red-CL.out,Zr-salfen-red-CL,Zr,red,CL,,36,H,,
ground_states,Zr-salfen-red-CL.out,Zr-salfen-red-CL,Zr,red,CL,,37,C,ferrocene_C,
ground_states,Zr-salfen-red-CL.out,Zr-salfen-red-CL,Zr,red,CL,,38,H,,
ground_states,Zr-salfen-red-CL.out,Zr-salfen-red-CL,Zr,red,CL,,39,C,ferrocene_C,
ground_states,Zr-salfen-red-CL.out,Zr-salfen-red-CL,Zr,red,CL,,40,H,,
ground_states,Zr-salfen-red-CL.out,Zr-salfen-red-CL,Zr,red,CL,,41,C,,
ground_states,Zr-salfen-red-CL.out,Zr-salfen-red-CL,Zr,red,CL,,42,H,,
ground_states,Zr-salfen-red-CL.out,Zr-salfen-red-CL,Zr,red,CL,,43,C,,
ground_states,Zr-salfen-red-CL.out,Zr-salfen-red-CL,Zr,red,CL,,44,C,,
ground_states,Zr-salfen-red-CL.out,Zr-salfen-red-CL,Zr,red,CL,,45,C,,
ground_states,Zr-salfen-red-CL.out,Zr-salfen-red-CL,Zr,red,CL,,46,C,,
ground_states,Zr-salfen-red-CL.out,Zr-salfen-red-CL,Zr,red,CL,,47,H,,
ground_states,Zr-salfen-red-CL.out,Zr-salfen-red-CL,Zr,red,CL,,48,C,,
ground_states,Zr-salfen-red-CL.out,Zr-salfen-red-CL,Zr,red,CL,,49,C,,
ground_states,Zr-salfen-red-CL.out,Zr-salfen-red-CL,Zr,red,CL,,50,H,,
ground_states,Zr-salfen-red-CL.out,Zr-salfen-red-CL,Zr,red,CL,,51,C,,
ground_states,Zr-salfen-red-CL.out,Zr-salfen-red-CL,Zr,red,CL,,52,C,,
ground_states,Zr-salfen-red-CL.out,Zr-salfen-red-CL,Zr,red,CL,,53,C,,
ground_states,Zr-salfen-red-CL.out,Zr-salfen-red-CL,Zr,red,CL,,54,H,,
ground_states,Zr-salfen-red-CL.out,Zr-salfen-red-CL,Zr,red,CL,,55,H,,
ground_states,Zr-salfen-red-CL.out,Zr-salfen-red-CL,Zr,red,CL,,56,H,,
ground_states,Zr-salfen-red-CL.out,Zr-salfen-red-CL,Zr,red,CL,,57,H,,
ground_states,Zr-salfen-red-CL.out,Zr-salfen-red-CL,Zr,red,CL,,58,H,,
ground_states,Zr-salfen-red-CL.out,Zr-salfen-red-CL,Zr,red,CL,,59,H,,
ground_states,Zr-salfen-red-CL.out,Zr-salfen-red-CL,Zr,red,CL,,60,H,,
ground_states,Zr-salfen-red-CL.out,Zr-salfen-red-CL,Zr,red,CL,,61,H,,
ground_states,Zr-salfen-red-CL.out,Zr-salfen-red-CL,Zr,red,CL,,62,H,,
ground_states,Zr-salfen-red-CL.out,Zr-salfen-red-CL,Zr,red,CL,,63,H,,
ground_states,Zr-salfen-red-CL.out,Zr-salfen-red-CL,Zr,red,CL,,64,H,,
ground_states,Zr-salfen-red-CL.out,Zr-salfen-red-CL,Zr,red,CL,,65,H,,
ground_states,Zr-salfen-red-CL.out,Zr-salfen-red-CL,Zr,red,CL,,66,H,,
ground_states,Zr-salfen-red-CL.out,Zr-salfen-red-CL,Zr,red,CL,,67,H,,
ground_states,Zr-salfen-red-CL.out,Zr-salfen-red-CL,Zr,red,CL,,68,H,,
ground_states,Zr-salfen-red-CL.out,Zr-salfen-red-CL,Zr,red,CL,,69,H,,
ground_states,Zr-salfen-red-CL.out,Zr-salfen-red-CL,Zr,red,CL,,70,H,,
ground_states,Zr-salfen-red-CL.out,Zr-salfen-red-CL,Zr,red,CL,,71,O,monomer_O,
ground_states,Zr-salfen-red-CL.out,Zr-salfen-red-CL,Zr,red,CL,,72,C,monomer_C,
ground_states,Zr-salfen-red-CL.out,Zr-salfen-red-CL,Zr,red,CL,,73,C,monomer_C,
ground_states,Zr-salfen-red-CL.out,Zr-salfen-red-CL,Zr,red,CL,,74,O,monomer_O,
ground_states,Zr-salfen-red-CL.out,Zr-salfen-red-CL,Zr,red,CL,,75,C,monomer_C,
ground_states,Zr-salfen-red-CL.out,Zr-salfen-red-CL,Zr,red,CL,,76,H,,
ground_states,Zr-salfen-red-CL.out,Zr-salfen-red-CL,Zr,red,CL,,77,H,,
ground_states,Zr-salfen-red-CL.out,Zr-salfen-red-CL,Zr,red,CL,,78,C,monomer_C,
ground_states,Zr-salfen-red-CL.out,Zr-salfen-red-CL,Zr,red,CL,,79,C,monomer_C,
ground_states,Zr-salfen-red-CL.out,Zr-salfen-red-CL,Zr,red,CL,,80,H,,
ground_states,Zr-salfen-red-CL.out,Zr-salfen-red-CL,Zr,red,CL,,81,H,,
ground_states,Zr-salfen-red-CL.out,Zr-salfen-red-CL,Zr,red,CL,,82,C,monomer_C,
ground_states,Zr-salfen-red-CL.out,Zr-salfen-red-CL,Zr,red,CL,,83,H,,
ground_states,Zr-salfen-red-CL.out,Zr-salfen-red-CL,Zr,red,CL,,84,H,,
ground_states,Zr-salfen-red-CL.out,Zr-salfen-red-CL,Zr,red,CL,,85,H,,
ground_states,Zr-salfen-red-CL.out,Zr-salfen-red-CL,Zr,red,CL,,86,H,,
ground_states,Zr-salfen-red-CL.out,Zr-salfen-red-CL,Zr,red,CL,,87,H,,
ground_states,Zr-salfen-red-CL.out,Zr-salfen-red-CL,Zr,red,CL,,88,H,,
ground_states,Zr-thiolfan-star-ox-CL.out,Zr-thiolfan-star-ox-CL,Zr,ox,CL,,1,C,ferrocene_C,
ground_states,Zr-thiolfan-star-ox-CL.out,Zr-thiolfan-star-ox-CL,Zr,ox,CL,,2,C,ferrocene_C,
ground_states,Zr-thiolfan-star-ox-CL.out,Zr-thiolfan-star-ox-CL,Zr,ox,CL,,3,C,ferrocene_C,
ground_states,Zr-thiolfan-star-ox-CL.out,Zr-thiolfan-star-ox-CL,Zr,ox,CL,,4,C,ferrocene_C,
ground_states,Zr-thiolfan-star-ox-CL.out,Zr-thiolfan-star-ox-CL,Zr,ox,CL,,5,C,ferrocene_C,
ground_states,Zr-thiolfan-star-ox-CL.out,Zr-thiolfan-star-ox-CL,Zr,ox,CL,,6,Fe,ferrocene_Fe,
ground_states,Zr-thiolfan-star-ox-CL.out,Zr-thiolfan-star-ox-CL,Zr,ox,CL,,7,C,ferrocene_C,
ground_states,Zr-thiolfan-star-ox-CL.out,Zr-thiolfan-star-ox-CL,Zr,ox,CL,,8,C,ferrocene_C,
ground_states,Zr-thiolfan-star-ox-CL.out,Zr-thiolfan-star-ox-CL,Zr,ox,CL,,9,C,ferrocene_C,
ground_states,Zr-thiolfan-star-ox-CL.out,Zr-thiolfan-star-ox-CL,Zr,ox,CL,,10,C,ferrocene_C,
ground_states,Zr-thiolfan-star-ox-CL.out,Zr-thiolfan-star-ox-CL,Zr,ox,CL,,11,C,ferrocene_C,
ground_states,Zr-thiolfan-star-ox-CL.out,Zr-thiolfan-star-ox-CL,Zr,ox,CL,,12,Zr,metal_center,
ground_states,Zr-thiolfan-star-ox-CL.out,Zr-thiolfan-star-ox-CL,Zr,ox,CL,,13,O,alkoxide_O,
ground_states,Zr-thiolfan-star-ox-CL.out,Zr-thiolfan-star-ox-CL,Zr,ox,CL,,14,C,,
ground_states,Zr-thiolfan-star-ox-CL.out,Zr-thiolfan-star-ox-CL,Zr,ox,CL,,15,O,phenoxy_O,
ground_states,Zr-thiolfan-star-ox-CL.out,Zr-thiolfan-star-ox-CL,Zr,ox,CL,,16,C,,
ground_states,Zr-thiolfan-star-ox-CL.out,Zr-thiolfan-star-ox-CL,Zr,ox,CL,,17,C,,
ground_states,Zr-thiolfan-star-ox-CL.out,Zr-thiolfan-star-ox-CL,Zr,ox,CL,,18,C,,
ground_states,Zr-thiolfan-star-ox-CL.out,Zr-thiolfan-star-ox-CL,Zr,ox,CL,,19,C,,
ground_states,Zr-thiolfan-star-ox-CL.out,Zr-thiolfan-star-ox-CL,Zr,ox,CL,,20,C,,
ground_states,Zr-thiolfan-star-ox-CL.out,Zr-thiolfan-star-ox-CL,Zr,ox,CL,,21,C,,
ground_states,Zr-thiolfan-star-ox-CL.out,Zr-thiolfan-star-ox-CL,Zr,ox,CL,,22,O,phenoxy_O,
ground_states,Zr-thiolfan-star-ox-CL.out,Zr-thiolfan-star-ox-CL,Zr,ox,CL,,23,C,,
ground_states,Zr-thiolfan-star-ox-CL.out,Zr-thiolfan-star-ox-CL,Zr,ox,CL,,24,C,,
ground_states,Zr-thiolfan-star-ox-CL.out,Zr-thiolfan-star-ox-CL,Zr,ox,CL,,25,C,,
ground_states,Zr-thiolfan-star-ox-CL.out,Zr-thiolfan-star-ox-CL,Zr,ox,CL,,26,C,,
ground_states,Zr-thiolfan-star-ox-CL.out,Zr-thiolfan-star-ox-CL,Zr,ox,CL,,27,C,,
ground_states,Zr-thiolfan-star-ox-CL.out,Zr-thiolfan-star-ox-CL,Zr,ox,CL,,28,C,,
ground_states,Zr-thiolfan-star-ox-CL.out,Zr-thiolfan-star-ox-CL,Zr,ox,CL,,29,O,alkoxide_O,
ground_states,Zr-thiolfan-star-ox-CL.out,Zr-thiolfan-star-ox-CL,Zr,ox,CL,,30,C,,
ground_states,Zr-thiolfan-star-ox-CL.out,Zr-thiolfan-star-ox-CL,Zr,ox,CL,,31,H,,
ground_states,Zr-thiolfan-star-ox-CL.out,Zr-thiolfan-star-ox-CL,Zr,ox,CL,,32,H,,
ground_states,Zr-thiolfan-star-ox-CL.out,Zr-thiolfan-star-ox-CL,Zr,ox,CL,,33,H,,
ground_states,Zr-thiolfan-star-ox-CL.out,Zr-thiolfan-star-ox-CL,Zr,ox,CL,,34,H,,
ground_states,Zr-thiolfan-star-ox-CL.out,Zr-thiolfan-star-ox-CL,Zr,ox,CL,,35,H,,
ground_states,Zr-thiolfan-star-ox-CL.out,Zr-thiolfan-star-ox-CL,Zr,ox,CL,,36,H,,
ground_states,Zr-thiolfan-star-ox-CL.out,Zr-thiolfan-star-ox-CL,Zr,ox,CL,,37,H,,
ground_states,Zr-thiolfan-star-ox-CL.out,Zr-thiolfan-star-ox-CL,Zr,ox,CL,,38,H,,
ground_states,Zr-thiolfan-star-ox-CL.out,Zr-thiolfan-star-ox-CL,Zr,ox,CL,,39,H,,
ground_states,Zr-thiolfan-star-ox-CL.out,Zr-thiolfan-star-ox-CL,Zr,ox,CL,,40,H,,
ground_states,Zr-thiolfan-star-ox-CL.out,Zr-thiolfan-star-ox-CL,Zr,ox,CL,,41,H,,
ground_states,Zr-thiolfan-star-ox-CL.out,Zr-thiolfan-star-ox-CL,Zr,ox,CL,,42,S,donor_S,
ground_states,Zr-thiolfan-star-ox-CL.out,Zr-thiolfan-star-ox-CL,Zr,ox,CL,,43,S,donor_S,
ground_states,Zr-thiolfan-star-ox-CL.out,Zr-thiolfan-star-ox-CL,Zr,ox,CL,,44,C,,
ground_states,Zr-thiolfan-star-ox-CL.out,Zr-thiolfan-star-ox-CL,Zr,ox,CL,,45,C,,
ground_states,Zr-thiolfan-star-ox-CL.out,Zr-thiolfan-star-ox-CL,Zr,ox,CL,,46,C,,
ground_states,Zr-thiolfan-star-ox-CL.out,Zr-thiolfan-star-ox-CL,Zr,ox,CL,,47,H,,
ground_states,Zr-thiolfan-star-ox-CL.out,Zr-thiolfan-star-ox-CL,Zr,ox,CL,,48,H,,
ground_states,Zr-thiolfan-star-ox-CL.out,Zr-thiolfan-star-ox-CL,Zr,ox,CL,,49,H,,
ground_states,Zr-thiolfan-star-ox-CL.out,Zr-thiolfan-star-ox-CL,Zr,ox,CL,,50,H,,
ground_states,Zr-thiolfan-star-ox-CL.out,Zr-thiolfan-star-ox-CL,Zr,ox,CL,,51,H,,
ground_states,Zr-thiolfan-star-ox-CL.out,Zr-thiolfan-star-ox-CL,Zr,ox,CL,,52,H,,
ground_states,Zr-thiolfan-star-ox-CL.out,Zr-thiolfan-star-ox-CL,Zr,ox,CL,,53,H,,
ground_states,Zr-thiolfan-star-ox-CL.out,Zr-thiolfan-star-ox-CL,Zr,ox,CL,,54,H,,
ground_states,Zr-thiolfan-star-ox-CL.out,Zr-thiolfan-star-ox-CL,Zr,ox,CL,,55,H,,
ground_states,Zr-thiolfan-star-ox-CL.out,Zr-thiolfan-star-ox-CL,Zr,ox,CL,,56,H,,
ground_states,Zr-thiolfan-star-ox-CL.out,Zr-thiolfan-star-ox-CL,Zr,ox,CL,,57,C,,
ground_states,Zr-thiolfan-star-ox-CL.out,Zr-thiolfan-star-ox-CL,Zr,ox,CL,,58,H,,
ground_states,Zr-thiolfan-star-ox-CL.out,Zr-thiolfan-star-ox-CL,Zr,ox,CL,,59,H,,
ground_states,Zr-thiolfan-star-ox-CL.out,Zr-thiolfan-star-ox-CL,Zr,ox,CL,,60,H,,
ground_states,Zr-thiolfan-star-ox-CL.out,Zr-thiolfan-star-ox-CL,Zr,ox,CL,,61,H,,
ground_states,Zr-thiolfan-star-ox-CL.out,Zr-thiolfan-star-ox-CL,Zr,ox,CL,,62,H,,
ground_states,Zr-thiolfan-star-ox-CL.out,Zr-thiolfan-star-ox-CL,Zr,ox,CL,,63,H,,
ground_states,Zr-thiolfan-star-ox-CL.out,Zr-thiolfan-star-ox-CL,Zr,ox,CL,,64,H,,
ground_states,Zr-thiolfan-star-ox-CL.out,Zr-thiolfan-star-ox-CL,Zr,ox,CL,,65,H,,
ground_states,Zr-thiolfan-star-ox-CL.out,Zr-thiolfan-star-ox-CL,Zr,ox,CL,,66,H,,
ground_states,Zr-thiolfan-star-ox-CL.out,Zr-thiolfan-star-ox-CL,Zr,ox,CL,,67,O,monomer_O,
ground_states,Zr-thiolfan-star-ox-CL.out,Zr-thiolfan-star-ox-CL,Zr,ox,CL,,68,C,monomer_C,
ground_states,Zr-thiolfan-star-ox-CL.out,Zr-thiolfan-star-ox-CL,Zr,ox,CL,,69,C,monomer_C,
ground_states,Zr-thiolfan-star-ox-CL.out,Zr-thiolfan-star-ox-CL,Zr,ox,CL,,70,O,monomer_O,
ground_states,Zr-thiolfan-star-ox-CL.out,Zr-thiolfan-star-ox-CL,Zr,ox,CL,,71,C,monomer_C,
ground_states,Zr-thiolfan-star-ox-CL.out,Zr-thiolfan-star-ox-CL,Zr,ox,CL,,72,H,,
ground_states,Zr-thiolfan-star-ox-CL.out,Zr-thiolfan-star-ox-CL,Zr,ox,CL,,73,H,,
ground_states,Zr-thiolfan-star-ox-CL.out,Zr-thiolfan-star-ox-CL,Zr,ox,CL,,74,C,monomer_C,
ground_states,Zr-thiolfan-star-ox-CL.out,Zr-thiolfan-star-ox-CL,Zr,ox,CL,,75,C,monomer_C,
ground_states,Zr-thiolfan-star-ox-CL.out,Zr-thiolfan-star-ox-CL,Zr,ox,CL,,76,H,,
ground_states,Zr-thiolfan-star-ox-CL.out,Zr-thiolfan-star-ox-CL,Zr,ox,CL,,77,H,,
ground_states,Zr-thiolfan-star-ox-CL.out,Zr-thiolfan-star-ox-CL,Zr,ox,CL,,78,C,monomer_C,
ground_states,Zr-thiolfan-star-ox-CL.out,Zr-thiolfan-star-ox-CL,Zr,ox,CL,,79,H,,
ground_states,Zr-thiolfan-star-ox-CL.out,Zr-thiolfan-star-ox-CL,Zr,ox,CL,,80,H,,
ground_states,Zr-thiolfan-star-ox-CL.out,Zr-thiolfan-star-ox-CL,Zr,ox,CL,,81,H,,
ground_states,Zr-thiolfan-star-ox-CL.out,Zr-thiolfan-star-ox-CL,Zr,ox,CL,,82,H,,
ground_states,Zr-thiolfan-star-ox-CL.out,Zr-thiolfan-star-ox-CL,Zr,ox,CL,,83,H,,
ground_states,Zr-thiolfan-star-ox-CL.out,Zr-thiolfan-star-ox-CL,Zr,ox,CL,,84,H,,
ground_states,Zr-thiolfan-star-red-CL.out,Zr-thiolfan-star-red-CL,Zr,red,CL,,1,C,ferrocene_C,
ground_states,Zr-thiolfan-star-red-CL.out,Zr-thiolfan-star-red-CL,Zr,red,CL,,2,C,ferrocene_C,
ground_states,Zr-thiolfan-star-red-CL.out,Zr-thiolfan-star-red-CL,Zr,red,CL,,3,C,ferrocene_C,
ground_states,Zr-thiolfan-star-red-CL.out,Zr-thiolfan-star-red-CL,Zr,red,CL,,4,C,ferrocene_C,
ground_states,Zr-thiolfan-star-red-CL.out,Zr-thiolfan-star-red-CL,Zr,red,CL,,5,C,ferrocene_C,
ground_states,Zr-thiolfan-star-red-CL.out,Zr-thiolfan-star-red-CL,Zr,red,CL,,6,Fe,ferrocene_Fe,
ground_states,Zr-thiolfan-star-red-CL.out,Zr-thiolfan-star-red-CL,Zr,red,CL,,7,C,ferrocene_C,
ground_states,Zr-thiolfan-star-red-CL.out,Zr-thiolfan-star-red-CL,Zr,red,CL,,8,C,ferrocene_C,
ground_states,Zr-thiolfan-star-red-CL.out,Zr-thiolfan-star-red-CL,Zr,red,CL,,9,C,ferrocene_C,
ground_states,Zr-thiolfan-star-red-CL.out,Zr-thiolfan-star-red-CL,Zr,red,CL,,10,C,ferrocene_C,
ground_states,Zr-thiolfan-star-red-CL.out,Zr-thiolfan-star-red-CL,Zr,red,CL,,11,C,ferrocene_C,
ground_states,Zr-thiolfan-star-red-CL.out,Zr-thiolfan-star-red-CL,Zr,red,CL,,12,Zr,metal_center,
ground_states,Zr-thiolfan-star-red-CL.out,Zr-thiolfan-star-red-CL,Zr,red,CL,,13,O,alkoxide_O,
ground_states,Zr-thiolfan-star-red-CL.out,Zr-thiolfan-star-red-CL,Zr,red,CL,,14,C,,
ground_states,Zr-thiolfan-star-red-CL.out,Zr-thiolfan-star-red-CL,Zr,red,CL,,15,O,phenoxy_O,
ground_states,Zr-thiolfan-star-red-CL.out,Zr-thiolfan-star-red-CL,Zr,red,CL,,16,C,,
ground_states,Zr-thiolfan-star-red-CL.out,Zr-thiolfan-star-red-CL,Zr,red,CL,,17,C,,
ground_states,Zr-thiolfan-star-red-CL.out,Zr-thiolfan-star-red-CL,Zr,red,CL,,18,C,,
ground_states,Zr-thiolfan-star-red-CL.out,Zr-thiolfan-star-red-CL,Zr,red,CL,,19,C,,
ground_states,Zr-thiolfan-star-red-CL.out,Zr-thiolfan-star-red-CL,Zr,red,CL,,20,C,,
ground_states,Zr-thiolfan-star-red-CL.out,Zr-thiolfan-star-red-CL,Zr,red,CL,,21,C,,
ground_states,Zr-thiolfan-star-red-CL.out,Zr-thiolfan-star-red-CL,Zr,red,CL,,22,O,phenoxy_O,
ground_states,Zr-thiolfan-star-red-CL.out,Zr-thiolfan-star-red-CL,Zr,red,CL,,23,C,,
ground_states,Zr-thiolfan-star-red-CL.out,Zr-thiolfan-star-red-CL,Zr,red,CL,,24,C,,
ground_states,Zr-thiolfan-star-red-CL.out,Zr-thiolfan-star-red-CL,Zr,red,CL,,25,C,,
ground_states,Zr-thiolfan-star-red-CL.out,Zr-thiolfan-star-red-CL,Zr,red,CL,,26,C,,
ground_states,Zr-thiolfan-star-red-CL.out,Zr-thiolfan-star-red-CL,Zr,red,CL,,27,C,,
ground_states,Zr-thiolfan-star-red-CL.out,Zr-thiolfan-star-red-CL,Zr,red,CL,,28,C,,
ground_states,Zr-thiolfan-star-red-CL.out,Zr-thiolfan-star-red-CL,Zr,red,CL,,29,O,alkoxide_O,
ground_states,Zr-thiolfan-star-red-CL.out,Zr-thiolfan-star-red-CL,Zr,red,CL,,30,C,,
ground_states,Zr-thiolfan-star-red-CL.out,Zr-thiolfan-star-red-CL,Zr,red,CL,,31,H,,
ground_states,Zr-thiolfan-star-red-CL.out,Zr-thiolfan-star-red-CL,Zr,red,CL,,32,H,,
ground_states,Zr-thiolfan-star-red-CL.out,Zr-thiolfan-star-red-CL,Zr,red,CL,,33,H,,
ground_states,Zr-thiolfan-star-red-CL.out,Zr-thiolfan-star-red-CL,Zr,red,CL,,34,H,,
ground_states,Zr-thiolfan-star-red-CL.out,Zr-thiolfan-star-red-CL,Zr,red,CL,,35,H,,
ground_states,Zr-thiolfan-star-red-CL.out,Zr-thiolfan-star-red-CL,Zr,red,CL,,36,H,,
ground_states,Zr-thiolfan-star-red-CL.out,Zr-thiolfan-star-red-CL,Zr,red,CL,,37,H,,
ground_states,Zr-thiolfan-star-red-CL.out,Zr-thiolfan-star-red-CL,Zr,red,CL,,38,H,,
ground_states,Zr-thiolfan-star-red-CL.out,Zr-thiolfan-star-red-CL,Zr,red,CL,,39,H,,
ground_states,Zr-thiolfan-star-red-CL.out,Zr-thiolfan-star-red-CL,Zr,red,CL,,40,H,,
ground_states,Zr-thiolfan-star-red-CL.out,Zr-thiolfan-star-red-CL,Zr,red,CL,,41,H,,
ground_states,Zr-thiolfan-star-red-CL.out,Zr-thiolfan-star-red-CL,Zr,red,CL,,42,S,donor_S,
ground_states,Zr-thiolfan-star-red-CL.out,Zr-thiolfan-star-red-CL,Zr,red,CL,,43,S,donor_S,
ground_states,Zr-thiolfan-star-red-CL.out,Zr-thiolfan-star-red-CL,Zr,red,CL,,44,C,,
ground_states,Zr-thiolfan-star-red-CL.out,Zr-thiolfan-star-red-CL,Zr,red,CL,,45,C,,
ground_states,Zr-thiolfan-star-red-CL.out,Zr-thiolfan-star-red-CL,Zr,red,CL,,46,C,,
ground_states,Zr-thiolfan-star-red-CL.out,Zr-thiolfan-star-red-CL,Zr,red,CL,,47,H,,
ground_states,Zr-thiolfan-star-red-CL.out,Zr-thiolfan-star-red-CL,Zr,red,CL,,48,H,,
ground_states,Zr-thiolfan-star-red-CL.out,Zr-thiolfan-star-red-CL,Zr,red,CL,,49,H,,
ground_states,Zr-thiolfan-star-red-CL.out,Zr-thiolfan-star-red-CL,Zr,red,CL,,50,H,,
ground_states,Zr-thiolfan-star-red-CL.out,Zr-thiolfan-star-red-CL,Zr,red,CL,,51,C,,
ground_states,Zr-thiolfan-star-red-CL.out,Zr-thiolfan-star-red-CL,Zr,red,CL,,52,H,,
ground_states,Zr-thiolfan-star-red-CL.out,Zr-thiolfan-star-red-CL,Zr,red,CL,,53,H,,
ground_states,Zr-thiolfan-star-red-CL.out,Zr-thiolfan-star-red-CL,Zr,red,CL,,54,H,,
ground_states,Zr-thiolfan-star-red-CL.out,Zr-thiolfan-star-red-CL,Zr,red,CL,,55,H,,
ground_states,Zr-thiolfan-star-red-CL.out,Zr-thiolfan-star-red-CL,Zr,red,CL,,56,H,,
ground_states,Zr-thiolfan-star-red-CL.out,Zr-thiolfan-star-red-CL,Zr,red,CL,,57,H,,
ground_states,Zr-thiolfan-star-red-CL.out,Zr-thiolfan-star-red-CL,Zr,red,CL,,58,H,,
ground_states,Zr-thiolfan-star-red-CL.out,Zr-thiolfan-star-red-CL,Zr,red,CL,,59,H,,
ground_states,Zr-thiolfan-star-red-CL.out,Zr-thiolfan-star-red-CL,Zr,red,CL,,60,H,,
ground_states,Zr-thiolfan-star-red-CL.out,Zr-thiolfan-star-red-CL,Zr,red,CL,,61,H,,
ground_states,Zr-thiolfan-star-red-CL.out,Zr-thiolfan-star-red-CL,Zr,red,CL,,62,H,,
ground_states,Zr-thiolfan-star-red-CL.out,Zr-thiolfan-star-red-CL,Zr,red,CL,,63,H,,
ground_states,Zr-thiolfan-star-red-CL.out,Zr-thiolfan-star-red-CL,Zr,red,CL,,64,H,,
ground_states,Zr-thiolfan-star-red-CL.out,Zr-thiolfan-star-red-CL,Zr,red,CL,,65,H,,
ground_states,Zr-thiolfan-star-red-CL.out,Zr-thiolfan-star-red-CL,Zr,red,CL,,66,H,,
ground_states,Zr-thiolfan-star-red-CL.out,Zr-thiolfan-star-red-CL,Zr,red,CL,,67,O,monomer_O,
ground_states,Zr-thiolfan-star-red-CL.out,Zr-thiolfan-star-red-CL,Zr,red,CL,,68,C,monomer_C,
ground_states,Zr-thiolfan-star-red-CL.out,Zr-thiolfan-star-red-CL,Zr,red,CL,,69,C,monomer_C,
ground_states,Zr-thiolfan-star-red-CL.out,Zr-thiolfan-star-red-CL,Zr,red,CL,,70,O,monomer_O,
ground_states,Zr-thiolfan-star-red-CL.out,Zr-thiolfan-star-red-CL,Zr,red,CL,,71,C,monomer_C,
ground_states,Zr-thiolfan-star-red-CL.out,Zr-thiolfan-star-red-CL,Zr,red,CL,,72,H,,
ground_states,Zr-thiolfan-star-red-CL.out,Zr-thiolfan-star-red-CL,Zr,red,CL,,73,H,,
ground_states,Zr-thiolfan-star-red-CL.out,Zr-thiolfan-star-red-CL,Zr,red,CL,,74,C,monomer_C,
ground_states,Zr-thiolfan-star-red-CL.out,Zr-thiolfan-star-red-CL,Zr,red,CL,,75,C,monomer_C,
ground_states,Zr-thiolfan-star-red-CL.out,Zr-thiolfan-star-red-CL,Zr,red,CL,,76,H,,
ground_states,Zr-thiolfan-star-red-CL.out,Zr-thiolfan-star-red-CL,Zr,red,CL,,77,H,,
ground_states,Zr-thiolfan-star-red-CL.out,Zr-thiolfan-star-red-CL,Zr,red,CL,,78,C,monomer_C,
ground_states,Zr-thiolfan-star-red-CL.out,Zr-thiolfan-star-red-CL,Zr,red,CL,,79,H,,
ground_states,Zr-thiolfan-star-red-CL.out,Zr-thiolfan-star-red-CL,Zr,red,CL,,80,H,,
ground_states,Zr-thiolfan-star-red-CL.out,Zr-thiolfan-star-red-CL,Zr,red,CL,,81,H,,
ground_states,Zr-thiolfan-star-red-CL.out,Zr-thiolfan-star-red-CL,Zr,red,CL,,82,H,,
ground_states,Zr-thiolfan-star-red-CL.out,Zr-thiolfan-star-red-CL,Zr,red,CL,,83,H,,
ground_states,Zr-thiolfan-star-red-CL.out,Zr-thiolfan-star-red-CL,Zr,red,CL,,84,H,,
